,CallPrice,PutPrice,StrikePrice,A50Price,LocalTime,Type,TransactionArbitrage,Profit
0,0.1547,0.0028,1.8,1.959,2016-Feb-16 09:30:08.574847,"Put-Call Parity Short sell put, Short-sell underlying, Buy Call, Buy Risk Free Bond",0,1.0878759228605261
1,0.1547,0.0028,1.8,1.959,2016-Feb-16 09:30:12.638292,"Put-Call Parity Short sell put, Short-sell underlying, Buy Call, Buy Risk Free Bond",0,1.0878759228605261
2,0.1547,0.0028,1.8,1.959,2016-Feb-16 09:30:15.190523,"Put-Call Parity Short sell put, Short-sell underlying, Buy Call, Buy Risk Free Bond",0,1.0878759228605261
3,0.1547,0.0028,1.8,1.959,2016-Feb-16 09:30:15.690387,"Put-Call Parity Short sell put, Short-sell underlying, Buy Call, Buy Risk Free Bond",0,1.0878759228605261
4,0.1547,0.0028,1.8,1.959,2016-Feb-16 09:30:15.690410,"Put-Call Parity Short sell put, Short-sell underlying, Buy Call, Buy Risk Free Bond",0,1.0878759228605261
5,0.1547,0.0028,1.8,1.959,2016-Feb-16 09:30:16.195685,"Put-Call Parity Short sell put, Short-sell underlying, Buy Call, Buy Risk Free Bond",0,1.0878759228605261
6,0.042,0.0401,1.95,1.959,2016-Feb-16 09:30:17.202036,"Put-Call Parity Short sell put, Short-sell underlying, Buy Call, Buy Risk Free Bond",0,2.402368116058984
7,0.042,0.0401,1.95,1.959,2016-Feb-16 09:30:17.202064,"Put-Call Parity Short sell put, Short-sell underlying, Buy Call, Buy Risk Free Bond",0,2.402368116058984
8,0.042,0.0401,1.95,1.959,2016-Feb-16 09:30:17.740855,"Put-Call Parity Short sell put, Short-sell underlying, Buy Call, Buy Risk Free Bond",0,2.402368116058984
9,0.042,0.0401,1.95,1.959,2016-Feb-16 09:30:17.740907,"Put-Call Parity Short sell put, Short-sell underlying, Buy Call, Buy Risk Free Bond",0,2.402368116058984
10,0.1547,0.0028,1.8,1.959,2016-Feb-16 09:30:17.740965,"Put-Call Parity Short sell put, Short-sell underlying, Buy Call, Buy Risk Free Bond",0,1.0878759228605261
11,0.042,0.0401,1.95,1.959,2016-Feb-16 09:30:19.675857,"Put-Call Parity Short sell put, Short-sell underlying, Buy Call, Buy Risk Free Bond",0,2.402368116058984
12,0.041,0.0401,1.95,1.959,2016-Feb-16 09:30:21.181573,"Put-Call Parity Short sell put, Short-sell underlying, Buy Call, Buy Risk Free Bond",1,9.102368116060102
13,0.042,0.0401,1.95,1.959,2016-Feb-16 09:30:21.660755,"Put-Call Parity Short sell put, Short-sell underlying, Buy Call, Buy Risk Free Bond",0,2.402368116058984
14,0.042,0.0401,1.95,1.959,2016-Feb-16 09:30:22.588168,"Put-Call Parity Short sell put, Short-sell underlying, Buy Call, Buy Risk Free Bond",0,2.402368116058984
15,0.042,0.0401,1.95,1.959,2016-Feb-16 09:30:23.104137,"Put-Call Parity Short sell put, Short-sell underlying, Buy Call, Buy Risk Free Bond",0,2.402368116058984
16,0.042,0.0401,1.95,1.959,2016-Feb-16 09:30:23.604389,"Put-Call Parity Short sell put, Short-sell underlying, Buy Call, Buy Risk Free Bond",0,2.402368116058984
17,0.042,0.0401,1.95,1.959,2016-Feb-16 09:30:24.642962,"Put-Call Parity Short sell put, Short-sell underlying, Buy Call, Buy Risk Free Bond",0,2.402368116058984
18,0.042,0.0401,1.95,1.959,2016-Feb-16 09:30:26.138042,"Put-Call Parity Short sell put, Short-sell underlying, Buy Call, Buy Risk Free Bond",0,2.402368116058984
19,0.042,0.0401,1.95,1.959,2016-Feb-16 09:30:26.138067,"Put-Call Parity Short sell put, Short-sell underlying, Buy Call, Buy Risk Free Bond",0,2.402368116058984
20,0.042,0.039,1.95,1.959,2016-Feb-16 09:30:34.699123,"Put-Call Parity Short sell call, Short-sell bond, Buy Put, Buy Underlying",1,5.297631883939805
21,0.042,0.039,1.95,1.959,2016-Feb-16 09:30:34.699247,"Put-Call Parity Short sell call, Short-sell bond, Buy Put, Buy Underlying",1,5.297631883939805
22,0.1557,0.0036,1.8,1.959,2016-Feb-16 09:30:41.169223,"Put-Call Parity Short sell call, Short-sell bond, Buy Put, Buy Underlying",0,0.912124077141474
23,0.1557,0.0036,1.8,1.959,2016-Feb-16 09:30:41.679295,"Put-Call Parity Short sell call, Short-sell bond, Buy Put, Buy Underlying",0,0.912124077141474
24,0.1557,0.0036,1.8,1.959,2016-Feb-16 09:30:46.265011,"Put-Call Parity Short sell call, Short-sell bond, Buy Put, Buy Underlying",0,0.912124077141474
25,0.1547,0.0036,1.8,1.958,2016-Feb-16 09:30:54.725671,"Put-Call Parity Short sell call, Short-sell bond, Buy Put, Buy Underlying",0,0.8683843985313189
26,0.1547,0.0036,1.8,1.958,2016-Feb-16 09:30:55.203189,"Put-Call Parity Short sell call, Short-sell bond, Buy Put, Buy Underlying",0,0.8683843985313189
27,0.071,0.0192,1.9,1.958,2016-Feb-16 09:30:56.220398,"Put-Call Parity Short sell call, Short-sell bond, Buy Put, Buy Underlying",1,3.692056269730096
28,0.1547,0.0036,1.8,1.958,2016-Feb-16 09:30:57.225568,"Put-Call Parity Short sell call, Short-sell bond, Buy Put, Buy Underlying",0,0.8683843985313189
29,0.1547,0.0035,1.8,1.958,2016-Feb-16 09:30:57.225583,"Put-Call Parity Short sell call, Short-sell bond, Buy Put, Buy Underlying",0,1.8683843985312087
30,0.1547,0.0035,1.8,1.958,2016-Feb-16 09:30:57.732777,"Put-Call Parity Short sell call, Short-sell bond, Buy Put, Buy Underlying",0,1.8683843985312087
31,0.0422,0.0407,1.95,1.958,2016-Feb-16 09:30:58.231042,"Put-Call Parity Short sell call, Short-sell bond, Buy Put, Buy Underlying",1,0.25389220533242085
32,0.0422,0.04,1.95,1.958,2016-Feb-16 09:30:58.231110,"Put-Call Parity Short sell call, Short-sell bond, Buy Put, Buy Underlying",1,7.25389220533165
33,0.1547,0.0035,1.8,1.958,2016-Feb-16 09:30:58.231202,"Put-Call Parity Short sell call, Short-sell bond, Buy Put, Buy Underlying",0,1.8683843985312087
34,0.0422,0.0407,1.95,1.958,2016-Feb-16 09:30:58.737557,"Put-Call Parity Short sell call, Short-sell bond, Buy Put, Buy Underlying",1,0.25389220533242085
35,0.1547,0.0035,1.8,1.958,2016-Feb-16 09:30:58.737623,"Put-Call Parity Short sell call, Short-sell bond, Buy Put, Buy Underlying",0,1.8683843985312087
36,0.1547,0.0035,1.8,1.958,2016-Feb-16 09:30:58.737652,"Put-Call Parity Short sell call, Short-sell bond, Buy Put, Buy Underlying",0,1.8683843985312087
37,0.0434,0.0406,1.95,1.959,2016-Feb-16 09:31:03.227368,"Put-Call Parity Short sell call, Short-sell bond, Buy Put, Buy Underlying",1,3.297631883940025
38,0.0434,0.0406,1.95,1.959,2016-Feb-16 09:31:03.227393,"Put-Call Parity Short sell call, Short-sell bond, Buy Put, Buy Underlying",1,3.297631883940025
39,0.0718,0.0207,1.9,1.958,2016-Feb-16 09:31:03.227648,"Put-Call Parity Short sell put, Short-sell underlying, Buy Call, Buy Risk Free Bond",0,0.007943730271353644
40,0.0718,0.0207,1.9,1.958,2016-Feb-16 09:31:03.727330,"Put-Call Parity Short sell put, Short-sell underlying, Buy Call, Buy Risk Free Bond",0,0.007943730271353644
41,0.0227,0.072,2.0,1.957,2016-Feb-16 09:31:04.767138,"Put-Call Parity Short sell call, Short-sell bond, Buy Put, Buy Underlying",1,1.7719884623218194
42,0.0227,0.072,2.0,1.957,2016-Feb-16 09:31:04.767171,"Put-Call Parity Short sell call, Short-sell bond, Buy Put, Buy Underlying",1,1.7719884623218194
43,0.0411,0.0406,1.95,1.957,2016-Feb-16 09:31:04.767236,"Put-Call Parity Short sell call, Short-sell bond, Buy Put, Buy Underlying",1,0.21015252672004525
44,0.1547,0.0035,1.8,1.957,2016-Feb-16 09:31:04.767471,"Put-Call Parity Short sell call, Short-sell bond, Buy Put, Buy Underlying",1,8.524644719919952
45,0.0227,0.072,2.0,1.957,2016-Feb-16 09:31:05.263763,"Put-Call Parity Short sell call, Short-sell bond, Buy Put, Buy Underlying",1,1.7719884623218194
46,0.0411,0.0406,1.95,1.957,2016-Feb-16 09:31:05.263793,"Put-Call Parity Short sell call, Short-sell bond, Buy Put, Buy Underlying",1,0.21015252672004525
47,0.1547,0.0035,1.8,1.957,2016-Feb-16 09:31:05.264023,"Put-Call Parity Short sell call, Short-sell bond, Buy Put, Buy Underlying",1,8.524644719919952
48,0.0227,0.072,2.0,1.957,2016-Feb-16 09:31:05.775505,"Put-Call Parity Short sell call, Short-sell bond, Buy Put, Buy Underlying",1,1.7719884623218194
49,0.0429,0.0406,1.95,1.957,2016-Feb-16 09:31:05.775596,"Put-Call Parity Short sell call, Short-sell bond, Buy Put, Buy Underlying",1,18.210152526720282
50,0.0429,0.0397,1.95,1.957,2016-Feb-16 09:31:05.775629,"Put-Call Parity Short sell call, Short-sell bond, Buy Put, Buy Underlying",1,27.21015252672151
51,0.1547,0.0035,1.8,1.957,2016-Feb-16 09:31:05.775898,"Put-Call Parity Short sell call, Short-sell bond, Buy Put, Buy Underlying",1,8.524644719919952
52,0.0227,0.072,2.0,1.957,2016-Feb-16 09:31:06.277278,"Put-Call Parity Short sell call, Short-sell bond, Buy Put, Buy Underlying",1,1.7719884623218194
53,0.0411,0.0397,1.95,1.957,2016-Feb-16 09:31:06.277352,"Put-Call Parity Short sell call, Short-sell bond, Buy Put, Buy Underlying",1,9.210152526721274
54,0.0411,0.0397,1.95,1.957,2016-Feb-16 09:31:06.277387,"Put-Call Parity Short sell call, Short-sell bond, Buy Put, Buy Underlying",1,9.210152526721274
55,0.1547,0.0035,1.8,1.957,2016-Feb-16 09:31:06.277599,"Put-Call Parity Short sell call, Short-sell bond, Buy Put, Buy Underlying",1,8.524644719919952
56,0.1547,0.0035,1.8,1.957,2016-Feb-16 09:31:06.277629,"Put-Call Parity Short sell call, Short-sell bond, Buy Put, Buy Underlying",1,8.524644719919952
57,0.0243,0.072,2.0,1.957,2016-Feb-16 09:31:06.788770,"Put-Call Parity Short sell call, Short-sell bond, Buy Put, Buy Underlying",1,17.771988462320056
58,0.0411,0.0397,1.95,1.957,2016-Feb-16 09:31:06.788786,"Put-Call Parity Short sell call, Short-sell bond, Buy Put, Buy Underlying",1,9.210152526721274
59,0.0411,0.0397,1.95,1.957,2016-Feb-16 09:31:06.788816,"Put-Call Parity Short sell call, Short-sell bond, Buy Put, Buy Underlying",1,9.210152526721274
60,0.1547,0.0035,1.8,1.957,2016-Feb-16 09:31:06.788979,"Put-Call Parity Short sell call, Short-sell bond, Buy Put, Buy Underlying",1,8.524644719919952
61,0.1547,0.0035,1.8,1.957,2016-Feb-16 09:31:06.789157,"Put-Call Parity Short sell call, Short-sell bond, Buy Put, Buy Underlying",1,8.524644719919952
62,0.0227,0.072,2.0,1.957,2016-Feb-16 09:31:07.268641,"Put-Call Parity Short sell call, Short-sell bond, Buy Put, Buy Underlying",1,1.7719884623218194
63,0.0411,0.0397,1.95,1.957,2016-Feb-16 09:31:07.268659,"Put-Call Parity Short sell call, Short-sell bond, Buy Put, Buy Underlying",1,9.210152526721274
64,0.0411,0.0397,1.95,1.957,2016-Feb-16 09:31:07.268706,"Put-Call Parity Short sell call, Short-sell bond, Buy Put, Buy Underlying",1,9.210152526721274
65,0.1547,0.0035,1.8,1.957,2016-Feb-16 09:31:07.268892,"Put-Call Parity Short sell call, Short-sell bond, Buy Put, Buy Underlying",1,8.524644719919952
66,0.1547,0.0036,1.8,1.957,2016-Feb-16 09:31:07.268914,"Put-Call Parity Short sell call, Short-sell bond, Buy Put, Buy Underlying",1,7.524644719920063
67,0.0227,0.072,2.0,1.957,2016-Feb-16 09:31:07.806206,"Put-Call Parity Short sell call, Short-sell bond, Buy Put, Buy Underlying",1,1.7719884623218194
68,0.0411,0.0397,1.95,1.957,2016-Feb-16 09:31:07.806229,"Put-Call Parity Short sell call, Short-sell bond, Buy Put, Buy Underlying",1,9.210152526721274
69,0.1547,0.0036,1.8,1.957,2016-Feb-16 09:31:07.806282,"Put-Call Parity Short sell call, Short-sell bond, Buy Put, Buy Underlying",1,7.524644719920063
70,0.0227,0.072,2.0,1.957,2016-Feb-16 09:31:08.210341,"Put-Call Parity Short sell call, Short-sell bond, Buy Put, Buy Underlying",1,1.7719884623218194
71,0.0411,0.0397,1.95,1.957,2016-Feb-16 09:31:08.210363,"Put-Call Parity Short sell call, Short-sell bond, Buy Put, Buy Underlying",1,9.210152526721274
72,0.0411,0.0406,1.95,1.957,2016-Feb-16 09:31:08.210460,"Put-Call Parity Short sell call, Short-sell bond, Buy Put, Buy Underlying",1,0.21015252672004525
73,0.1547,0.0036,1.8,1.957,2016-Feb-16 09:31:08.210967,"Put-Call Parity Short sell call, Short-sell bond, Buy Put, Buy Underlying",1,7.524644719920063
74,0.0411,0.0406,1.95,1.957,2016-Feb-16 09:31:08.709271,"Put-Call Parity Short sell call, Short-sell bond, Buy Put, Buy Underlying",1,0.21015252672004525
75,0.0411,0.0387,1.95,1.957,2016-Feb-16 09:31:08.709318,"Put-Call Parity Short sell call, Short-sell bond, Buy Put, Buy Underlying",1,19.210152526720172
76,0.1547,0.0036,1.8,1.957,2016-Feb-16 09:31:08.709488,"Put-Call Parity Short sell call, Short-sell bond, Buy Put, Buy Underlying",1,7.524644719920063
77,0.0227,0.071,2.0,1.958,2016-Feb-16 09:31:14.823293,"Put-Call Parity Short sell call, Short-sell bond, Buy Put, Buy Underlying",1,1.8157281409319745
78,0.1547,0.0035,1.8,1.958,2016-Feb-16 09:31:14.823470,"Put-Call Parity Short sell call, Short-sell bond, Buy Put, Buy Underlying",0,1.8683843985312087
79,0.1547,0.0035,1.8,1.958,2016-Feb-16 09:31:15.322608,"Put-Call Parity Short sell call, Short-sell bond, Buy Put, Buy Underlying",0,1.8683843985312087
80,0.0227,0.071,2.0,1.958,2016-Feb-16 09:31:15.936352,"Put-Call Parity Short sell call, Short-sell bond, Buy Put, Buy Underlying",1,1.8157281409319745
81,0.0227,0.071,2.0,1.958,2016-Feb-16 09:31:15.936376,"Put-Call Parity Short sell call, Short-sell bond, Buy Put, Buy Underlying",1,1.8157281409319745
82,0.1547,0.0035,1.8,1.958,2016-Feb-16 09:31:15.936534,"Put-Call Parity Short sell call, Short-sell bond, Buy Put, Buy Underlying",0,1.8683843985312087
83,0.0227,0.071,2.0,1.958,2016-Feb-16 09:31:16.420779,"Put-Call Parity Short sell call, Short-sell bond, Buy Put, Buy Underlying",1,1.8157281409319745
84,0.0227,0.071,2.0,1.958,2016-Feb-16 09:31:16.420839,"Put-Call Parity Short sell call, Short-sell bond, Buy Put, Buy Underlying",1,1.8157281409319745
85,0.1547,0.0035,1.8,1.958,2016-Feb-16 09:31:16.421110,"Put-Call Parity Short sell call, Short-sell bond, Buy Put, Buy Underlying",0,1.8683843985312087
86,0.0227,0.071,2.0,1.958,2016-Feb-16 09:31:17.435308,"Put-Call Parity Short sell call, Short-sell bond, Buy Put, Buy Underlying",1,1.8157281409319745
87,0.1547,0.0035,1.8,1.958,2016-Feb-16 09:31:17.435410,"Put-Call Parity Short sell call, Short-sell bond, Buy Put, Buy Underlying",0,1.8683843985312087
88,0.0227,0.071,2.0,1.958,2016-Feb-16 09:31:17.879939,"Put-Call Parity Short sell call, Short-sell bond, Buy Put, Buy Underlying",1,1.8157281409319745
89,0.0227,0.071,2.0,1.958,2016-Feb-16 09:31:17.879972,"Put-Call Parity Short sell call, Short-sell bond, Buy Put, Buy Underlying",1,1.8157281409319745
90,0.1555,0.0035,1.8,1.958,2016-Feb-16 09:31:17.880512,"Put-Call Parity Short sell call, Short-sell bond, Buy Put, Buy Underlying",1,6.568384398530328
91,0.0227,0.071,2.0,1.958,2016-Feb-16 09:31:19.803121,"Put-Call Parity Short sell call, Short-sell bond, Buy Put, Buy Underlying",1,1.8157281409319745
92,0.0227,0.071,2.0,1.958,2016-Feb-16 09:31:21.792518,"Put-Call Parity Short sell call, Short-sell bond, Buy Put, Buy Underlying",1,1.8157281409319745
93,0.0227,0.071,2.0,1.958,2016-Feb-16 09:31:22.299188,"Put-Call Parity Short sell call, Short-sell bond, Buy Put, Buy Underlying",1,1.8157281409319745
94,0.1555,0.0035,1.8,1.958,2016-Feb-16 09:31:22.299702,"Put-Call Parity Short sell call, Short-sell bond, Buy Put, Buy Underlying",1,6.568384398530328
95,0.0227,0.071,2.0,1.958,2016-Feb-16 09:31:22.846479,"Put-Call Parity Short sell call, Short-sell bond, Buy Put, Buy Underlying",1,1.8157281409319745
96,0.1555,0.0035,1.8,1.958,2016-Feb-16 09:31:22.846662,"Put-Call Parity Short sell call, Short-sell bond, Buy Put, Buy Underlying",1,6.568384398530328
97,0.0227,0.071,2.0,1.958,2016-Feb-16 09:31:23.326774,"Put-Call Parity Short sell call, Short-sell bond, Buy Put, Buy Underlying",1,1.8157281409319745
98,0.0227,0.071,2.0,1.958,2016-Feb-16 09:31:23.326824,"Put-Call Parity Short sell call, Short-sell bond, Buy Put, Buy Underlying",1,1.8157281409319745
99,0.1555,0.0035,1.8,1.958,2016-Feb-16 09:31:27.280431,"Put-Call Parity Short sell call, Short-sell bond, Buy Put, Buy Underlying",1,6.568384398530328
100,0.0227,0.071,2.0,1.958,2016-Feb-16 09:31:29.854829,"Put-Call Parity Short sell call, Short-sell bond, Buy Put, Buy Underlying",1,1.8157281409319745
101,0.0227,0.071,2.0,1.958,2016-Feb-16 09:31:29.854877,"Put-Call Parity Short sell call, Short-sell bond, Buy Put, Buy Underlying",1,1.8157281409319745
102,0.1555,0.0035,1.8,1.958,2016-Feb-16 09:31:29.855136,"Put-Call Parity Short sell call, Short-sell bond, Buy Put, Buy Underlying",1,6.568384398530328
103,0.0227,0.071,2.0,1.958,2016-Feb-16 09:31:30.348002,"Put-Call Parity Short sell call, Short-sell bond, Buy Put, Buy Underlying",1,1.8157281409319745
104,0.1555,0.0035,1.8,1.958,2016-Feb-16 09:31:30.348371,"Put-Call Parity Short sell call, Short-sell bond, Buy Put, Buy Underlying",1,6.568384398530328
105,0.1555,0.0035,1.8,1.958,2016-Feb-16 09:31:30.847318,"Put-Call Parity Short sell call, Short-sell bond, Buy Put, Buy Underlying",1,6.568384398530328
106,0.1555,0.0035,1.8,1.958,2016-Feb-16 09:31:30.847359,"Put-Call Parity Short sell call, Short-sell bond, Buy Put, Buy Underlying",1,6.568384398530328
107,0.0239,0.071,2.0,1.958,2016-Feb-16 09:31:31.359553,"Put-Call Parity Short sell call, Short-sell bond, Buy Put, Buy Underlying",1,13.815728140932872
108,0.0239,0.071,2.0,1.958,2016-Feb-16 09:31:31.359600,"Put-Call Parity Short sell call, Short-sell bond, Buy Put, Buy Underlying",1,13.815728140932872
109,0.0227,0.071,2.0,1.958,2016-Feb-16 09:31:31.868921,"Put-Call Parity Short sell call, Short-sell bond, Buy Put, Buy Underlying",1,1.8157281409319745
110,0.0227,0.071,2.0,1.958,2016-Feb-16 09:31:31.868939,"Put-Call Parity Short sell call, Short-sell bond, Buy Put, Buy Underlying",1,1.8157281409319745
111,0.0227,0.071,2.0,1.958,2016-Feb-16 09:31:32.349281,"Put-Call Parity Short sell call, Short-sell bond, Buy Put, Buy Underlying",1,1.8157281409319745
112,0.0227,0.071,2.0,1.958,2016-Feb-16 09:31:32.895106,"Put-Call Parity Short sell call, Short-sell bond, Buy Put, Buy Underlying",1,1.8157281409319745
113,0.0227,0.071,2.0,1.958,2016-Feb-16 09:31:32.895158,"Put-Call Parity Short sell call, Short-sell bond, Buy Put, Buy Underlying",1,1.8157281409319745
114,0.0227,0.071,2.0,1.958,2016-Feb-16 09:31:33.297414,"Put-Call Parity Short sell call, Short-sell bond, Buy Put, Buy Underlying",1,1.8157281409319745
115,0.0227,0.071,2.0,1.958,2016-Feb-16 09:31:33.807360,"Put-Call Parity Short sell call, Short-sell bond, Buy Put, Buy Underlying",1,1.8157281409319745
116,0.1555,0.0035,1.8,1.958,2016-Feb-16 09:31:33.807449,"Put-Call Parity Short sell call, Short-sell bond, Buy Put, Buy Underlying",1,6.568384398530328
117,0.0227,0.071,2.0,1.958,2016-Feb-16 09:31:34.851582,"Put-Call Parity Short sell call, Short-sell bond, Buy Put, Buy Underlying",1,1.8157281409319745
118,0.0227,0.071,2.0,1.958,2016-Feb-16 09:31:34.851631,"Put-Call Parity Short sell call, Short-sell bond, Buy Put, Buy Underlying",1,1.8157281409319745
119,0.0227,0.071,2.0,1.958,2016-Feb-16 09:31:35.327082,"Put-Call Parity Short sell call, Short-sell bond, Buy Put, Buy Underlying",1,1.8157281409319745
120,0.1555,0.0035,1.8,1.958,2016-Feb-16 09:31:36.326757,"Put-Call Parity Short sell call, Short-sell bond, Buy Put, Buy Underlying",1,6.568384398530328
121,0.0227,0.071,2.0,1.958,2016-Feb-16 09:31:38.362492,"Put-Call Parity Short sell call, Short-sell bond, Buy Put, Buy Underlying",1,1.8157281409319745
122,0.0227,0.071,2.0,1.958,2016-Feb-16 09:31:38.362522,"Put-Call Parity Short sell call, Short-sell bond, Buy Put, Buy Underlying",1,1.8157281409319745
123,0.1555,0.0035,1.8,1.958,2016-Feb-16 09:31:38.363306,"Put-Call Parity Short sell call, Short-sell bond, Buy Put, Buy Underlying",1,6.568384398530328
124,0.1555,0.0035,1.8,1.958,2016-Feb-16 09:31:38.363350,"Put-Call Parity Short sell call, Short-sell bond, Buy Put, Buy Underlying",1,6.568384398530328
125,0.0227,0.071,2.0,1.958,2016-Feb-16 09:31:39.932425,"Put-Call Parity Short sell call, Short-sell bond, Buy Put, Buy Underlying",1,1.8157281409319745
126,0.1547,0.0035,1.8,1.958,2016-Feb-16 09:31:39.932653,"Put-Call Parity Short sell call, Short-sell bond, Buy Put, Buy Underlying",0,1.8683843985312087
127,0.0227,0.071,2.0,1.958,2016-Feb-16 09:31:40.836692,"Put-Call Parity Short sell call, Short-sell bond, Buy Put, Buy Underlying",1,1.8157281409319745
128,0.0227,0.071,2.0,1.958,2016-Feb-16 09:31:41.303230,"Put-Call Parity Short sell call, Short-sell bond, Buy Put, Buy Underlying",1,1.8157281409319745
129,0.1547,0.0035,1.8,1.958,2016-Feb-16 09:31:41.303420,"Put-Call Parity Short sell call, Short-sell bond, Buy Put, Buy Underlying",0,1.8683843985312087
130,0.1547,0.0035,1.8,1.958,2016-Feb-16 09:31:41.807680,"Put-Call Parity Short sell call, Short-sell bond, Buy Put, Buy Underlying",0,1.8683843985312087
131,0.1547,0.0034,1.8,1.958,2016-Feb-16 09:31:42.317559,"Put-Call Parity Short sell call, Short-sell bond, Buy Put, Buy Underlying",0,2.8683843985310986
132,0.1547,0.0034,1.8,1.958,2016-Feb-16 09:31:42.827148,"Put-Call Parity Short sell call, Short-sell bond, Buy Put, Buy Underlying",0,2.8683843985310986
133,0.1547,0.0034,1.8,1.958,2016-Feb-16 09:31:43.369758,"Put-Call Parity Short sell call, Short-sell bond, Buy Put, Buy Underlying",0,2.8683843985310986
134,0.1547,0.0034,1.8,1.958,2016-Feb-16 09:31:43.860860,"Put-Call Parity Short sell call, Short-sell bond, Buy Put, Buy Underlying",0,2.8683843985310986
135,0.1547,0.0034,1.8,1.958,2016-Feb-16 09:31:43.860877,"Put-Call Parity Short sell call, Short-sell bond, Buy Put, Buy Underlying",0,2.8683843985310986
136,0.1547,0.0034,1.8,1.958,2016-Feb-16 09:31:45.510451,"Put-Call Parity Short sell call, Short-sell bond, Buy Put, Buy Underlying",0,2.8683843985310986
137,0.1547,0.0034,1.8,1.958,2016-Feb-16 09:31:47.922682,"Put-Call Parity Short sell call, Short-sell bond, Buy Put, Buy Underlying",0,2.8683843985310986
138,0.1547,0.0034,1.8,1.958,2016-Feb-16 09:31:47.922704,"Put-Call Parity Short sell call, Short-sell bond, Buy Put, Buy Underlying",0,2.8683843985310986
139,0.1547,0.0034,1.8,1.958,2016-Feb-16 09:31:48.429750,"Put-Call Parity Short sell call, Short-sell bond, Buy Put, Buy Underlying",0,2.8683843985310986
140,0.1547,0.0034,1.8,1.958,2016-Feb-16 09:31:48.429764,"Put-Call Parity Short sell call, Short-sell bond, Buy Put, Buy Underlying",0,2.8683843985310986
141,0.0237,0.0692,2.0,1.959,2016-Feb-16 09:31:50.383507,"Put-Call Parity Short sell call, Short-sell bond, Buy Put, Buy Underlying",1,19.859467819540146
142,0.0227,0.0692,2.0,1.959,2016-Feb-16 09:31:50.872060,"Put-Call Parity Short sell call, Short-sell bond, Buy Put, Buy Underlying",1,9.859467819541248
143,0.0709,0.0188,1.9,1.959,2016-Feb-16 09:31:50.872156,"Put-Call Parity Short sell call, Short-sell bond, Buy Put, Buy Underlying",0,0.03579594833880151
144,0.0709,0.0188,1.9,1.959,2016-Feb-16 09:31:51.386266,"Put-Call Parity Short sell call, Short-sell bond, Buy Put, Buy Underlying",0,0.03579594833880151
145,0.0059,0.156,2.1,1.956,2016-Feb-16 09:31:54.839522,"Put-Call Parity Short sell call, Short-sell bond, Buy Put, Buy Underlying",1,2.8519206549176532
146,0.0059,0.156,2.1,1.956,2016-Feb-16 09:31:54.839612,"Put-Call Parity Short sell call, Short-sell bond, Buy Put, Buy Underlying",1,2.8519206549176532
147,0.0108,0.1111,2.05,1.956,2016-Feb-16 09:31:54.839669,"Put-Call Parity Short sell call, Short-sell bond, Buy Put, Buy Underlying",1,1.2900847193136586
148,0.0108,0.1111,2.05,1.956,2016-Feb-16 09:31:54.839691,"Put-Call Parity Short sell call, Short-sell bond, Buy Put, Buy Underlying",1,1.2900847193136586
149,0.0227,0.072,2.0,1.956,2016-Feb-16 09:31:54.839755,"Put-Call Parity Short sell call, Short-sell bond, Buy Put, Buy Underlying",1,11.728248783715003
150,0.0227,0.072,2.0,1.956,2016-Feb-16 09:31:54.839790,"Put-Call Parity Short sell call, Short-sell bond, Buy Put, Buy Underlying",1,11.728248783715003
151,0.0412,0.0419,1.95,1.956,2016-Feb-16 09:31:54.839835,"Put-Call Parity Short sell call, Short-sell bond, Buy Put, Buy Underlying",0,1.466412848114551
152,0.0412,0.0419,1.95,1.956,2016-Feb-16 09:31:54.839871,"Put-Call Parity Short sell call, Short-sell bond, Buy Put, Buy Underlying",0,1.466412848114551
153,0.1072,0.0078,1.85,1.956,2016-Feb-16 09:31:54.840051,"Put-Call Parity Short sell call, Short-sell bond, Buy Put, Buy Underlying",1,0.04274097691267276
154,0.1072,0.0078,1.85,1.956,2016-Feb-16 09:31:54.840095,"Put-Call Parity Short sell call, Short-sell bond, Buy Put, Buy Underlying",1,0.04274097691267276
155,0.1547,0.0034,1.8,1.956,2016-Feb-16 09:31:54.840144,"Put-Call Parity Short sell call, Short-sell bond, Buy Put, Buy Underlying",1,19.480905041313026
156,0.1547,0.0035,1.8,1.956,2016-Feb-16 09:31:54.840167,"Put-Call Parity Short sell call, Short-sell bond, Buy Put, Buy Underlying",1,18.480905041313136
157,0.0059,0.156,2.1,1.956,2016-Feb-16 09:31:55.361284,"Put-Call Parity Short sell call, Short-sell bond, Buy Put, Buy Underlying",1,2.8519206549176532
158,0.0108,0.1111,2.05,1.956,2016-Feb-16 09:31:55.361333,"Put-Call Parity Short sell call, Short-sell bond, Buy Put, Buy Underlying",1,1.2900847193136586
159,0.0108,0.1111,2.05,1.956,2016-Feb-16 09:31:55.361351,"Put-Call Parity Short sell call, Short-sell bond, Buy Put, Buy Underlying",1,1.2900847193136586
160,0.0227,0.072,2.0,1.956,2016-Feb-16 09:31:55.361379,"Put-Call Parity Short sell call, Short-sell bond, Buy Put, Buy Underlying",1,11.728248783715003
161,0.0227,0.072,2.0,1.956,2016-Feb-16 09:31:55.361408,"Put-Call Parity Short sell call, Short-sell bond, Buy Put, Buy Underlying",1,11.728248783715003
162,0.0412,0.0419,1.95,1.956,2016-Feb-16 09:31:55.361426,"Put-Call Parity Short sell call, Short-sell bond, Buy Put, Buy Underlying",0,1.466412848114551
163,0.1547,0.0035,1.8,1.956,2016-Feb-16 09:31:55.361657,"Put-Call Parity Short sell call, Short-sell bond, Buy Put, Buy Underlying",1,18.480905041313136
164,0.0236,0.072,2.0,1.956,2016-Feb-16 09:31:55.860469,"Put-Call Parity Short sell call, Short-sell bond, Buy Put, Buy Underlying",1,20.72824878371401
165,0.0236,0.0693,2.0,1.956,2016-Feb-16 09:31:55.860499,"Put-Call Parity Short sell call, Short-sell bond, Buy Put, Buy Underlying",1,47.72824878371326
166,0.0412,0.0419,1.95,1.956,2016-Feb-16 09:31:55.860645,"Put-Call Parity Short sell call, Short-sell bond, Buy Put, Buy Underlying",0,1.466412848114551
167,0.1547,0.0027,1.8,1.956,2016-Feb-16 09:31:55.860899,"Put-Call Parity Short sell call, Short-sell bond, Buy Put, Buy Underlying",1,26.480905041312255
168,0.0108,0.1111,2.05,1.956,2016-Feb-16 09:31:56.343341,"Put-Call Parity Short sell call, Short-sell bond, Buy Put, Buy Underlying",1,1.2900847193136586
169,0.0236,0.0693,2.0,1.956,2016-Feb-16 09:31:56.343373,"Put-Call Parity Short sell call, Short-sell bond, Buy Put, Buy Underlying",1,47.72824878371326
170,0.0236,0.0693,2.0,1.956,2016-Feb-16 09:31:56.343551,"Put-Call Parity Short sell call, Short-sell bond, Buy Put, Buy Underlying",1,47.72824878371326
171,0.0412,0.0419,1.95,1.956,2016-Feb-16 09:31:56.343590,"Put-Call Parity Short sell call, Short-sell bond, Buy Put, Buy Underlying",0,1.466412848114551
172,0.0711,0.0202,1.9,1.956,2016-Feb-16 09:31:56.343657,"Put-Call Parity Short sell call, Short-sell bond, Buy Put, Buy Underlying",1,14.604576912510794
173,0.0711,0.0202,1.9,1.956,2016-Feb-16 09:31:56.343703,"Put-Call Parity Short sell call, Short-sell bond, Buy Put, Buy Underlying",1,14.604576912510794
174,0.1547,0.0035,1.8,1.956,2016-Feb-16 09:31:56.343731,"Put-Call Parity Short sell call, Short-sell bond, Buy Put, Buy Underlying",1,18.480905041313136
175,0.0227,0.0693,2.0,1.956,2016-Feb-16 09:31:56.849370,"Put-Call Parity Short sell call, Short-sell bond, Buy Put, Buy Underlying",1,38.72824878371425
176,0.0227,0.072,2.0,1.956,2016-Feb-16 09:31:56.849401,"Put-Call Parity Short sell call, Short-sell bond, Buy Put, Buy Underlying",1,11.728248783715003
177,0.0412,0.0419,1.95,1.956,2016-Feb-16 09:31:56.849449,"Put-Call Parity Short sell call, Short-sell bond, Buy Put, Buy Underlying",0,1.466412848114551
178,0.0711,0.0202,1.9,1.956,2016-Feb-16 09:31:56.849470,"Put-Call Parity Short sell call, Short-sell bond, Buy Put, Buy Underlying",1,14.604576912510794
179,0.1547,0.0035,1.8,1.956,2016-Feb-16 09:31:56.849502,"Put-Call Parity Short sell call, Short-sell bond, Buy Put, Buy Underlying",1,18.480905041313136
180,0.0412,0.0419,1.95,1.956,2016-Feb-16 09:31:57.337806,"Put-Call Parity Short sell call, Short-sell bond, Buy Put, Buy Underlying",0,1.466412848114551
181,0.1072,0.0078,1.85,1.956,2016-Feb-16 09:31:57.337897,"Put-Call Parity Short sell call, Short-sell bond, Buy Put, Buy Underlying",1,0.04274097691267276
182,0.0711,0.0202,1.9,1.956,2016-Feb-16 09:31:57.337994,"Put-Call Parity Short sell call, Short-sell bond, Buy Put, Buy Underlying",1,14.604576912510794
183,0.1547,0.0035,1.8,1.956,2016-Feb-16 09:31:57.338052,"Put-Call Parity Short sell call, Short-sell bond, Buy Put, Buy Underlying",1,18.480905041313136
184,0.0227,0.072,2.0,1.956,2016-Feb-16 09:31:57.890513,"Put-Call Parity Short sell call, Short-sell bond, Buy Put, Buy Underlying",1,11.728248783715003
185,0.0227,0.072,2.0,1.956,2016-Feb-16 09:31:57.890534,"Put-Call Parity Short sell call, Short-sell bond, Buy Put, Buy Underlying",1,11.728248783715003
186,0.0711,0.0202,1.9,1.956,2016-Feb-16 09:31:57.890632,"Put-Call Parity Short sell call, Short-sell bond, Buy Put, Buy Underlying",1,14.604576912510794
187,0.1547,0.0035,1.8,1.956,2016-Feb-16 09:31:57.890660,"Put-Call Parity Short sell call, Short-sell bond, Buy Put, Buy Underlying",1,18.480905041313136
188,0.0227,0.072,2.0,1.956,2016-Feb-16 09:31:58.401011,"Put-Call Parity Short sell call, Short-sell bond, Buy Put, Buy Underlying",1,11.728248783715003
189,0.0227,0.072,2.0,1.956,2016-Feb-16 09:31:58.401074,"Put-Call Parity Short sell call, Short-sell bond, Buy Put, Buy Underlying",1,11.728248783715003
190,0.0412,0.0419,1.95,1.956,2016-Feb-16 09:31:58.401269,"Put-Call Parity Short sell call, Short-sell bond, Buy Put, Buy Underlying",0,1.466412848114551
191,0.1072,0.0078,1.85,1.956,2016-Feb-16 09:31:58.401305,"Put-Call Parity Short sell call, Short-sell bond, Buy Put, Buy Underlying",1,0.04274097691267276
192,0.155,0.0035,1.8,1.956,2016-Feb-16 09:31:58.401420,"Put-Call Parity Short sell call, Short-sell bond, Buy Put, Buy Underlying",1,21.480905041312806
193,0.155,0.0035,1.8,1.956,2016-Feb-16 09:31:58.401457,"Put-Call Parity Short sell call, Short-sell bond, Buy Put, Buy Underlying",1,21.480905041312806
194,0.0227,0.072,2.0,1.956,2016-Feb-16 09:31:58.885089,"Put-Call Parity Short sell call, Short-sell bond, Buy Put, Buy Underlying",1,11.728248783715003
195,0.0227,0.072,2.0,1.957,2016-Feb-16 09:31:59.936870,"Put-Call Parity Short sell call, Short-sell bond, Buy Put, Buy Underlying",1,1.7719884623218194
196,0.0227,0.072,2.0,1.957,2016-Feb-16 09:31:59.936961,"Put-Call Parity Short sell call, Short-sell bond, Buy Put, Buy Underlying",1,1.7719884623218194
197,0.155,0.0035,1.8,1.957,2016-Feb-16 09:31:59.937279,"Put-Call Parity Short sell call, Short-sell bond, Buy Put, Buy Underlying",1,11.524644719919621
198,0.155,0.0035,1.8,1.957,2016-Feb-16 09:31:59.937296,"Put-Call Parity Short sell call, Short-sell bond, Buy Put, Buy Underlying",1,11.524644719919621
199,0.0242,0.072,2.0,1.957,2016-Feb-16 09:32:00.430916,"Put-Call Parity Short sell call, Short-sell bond, Buy Put, Buy Underlying",1,16.771988462320166
200,0.0242,0.069,2.0,1.957,2016-Feb-16 09:32:00.430964,"Put-Call Parity Short sell call, Short-sell bond, Buy Put, Buy Underlying",1,46.7719884623213
201,0.155,0.0035,1.8,1.957,2016-Feb-16 09:32:00.431274,"Put-Call Parity Short sell call, Short-sell bond, Buy Put, Buy Underlying",1,11.524644719919621
202,0.0227,0.069,2.0,1.957,2016-Feb-16 09:32:00.907616,"Put-Call Parity Short sell call, Short-sell bond, Buy Put, Buy Underlying",1,31.77198846232073
203,0.0227,0.072,2.0,1.957,2016-Feb-16 09:32:00.907632,"Put-Call Parity Short sell call, Short-sell bond, Buy Put, Buy Underlying",1,1.7719884623218194
204,0.155,0.0035,1.8,1.957,2016-Feb-16 09:32:00.907981,"Put-Call Parity Short sell call, Short-sell bond, Buy Put, Buy Underlying",1,11.524644719919621
205,0.011,0.1102,2.05,1.957,2016-Feb-16 09:32:01.414787,"Put-Call Parity Short sell call, Short-sell bond, Buy Put, Buy Underlying",1,2.3338243979192628
206,0.0227,0.072,2.0,1.957,2016-Feb-16 09:32:01.414834,"Put-Call Parity Short sell call, Short-sell bond, Buy Put, Buy Underlying",1,1.7719884623218194
207,0.0227,0.071,2.0,1.957,2016-Feb-16 09:32:01.414861,"Put-Call Parity Short sell call, Short-sell bond, Buy Put, Buy Underlying",1,11.771988462320717
208,0.155,0.0034,1.8,1.957,2016-Feb-16 09:32:01.415180,"Put-Call Parity Short sell call, Short-sell bond, Buy Put, Buy Underlying",1,12.524644719919511
209,0.011,0.1102,2.05,1.957,2016-Feb-16 09:32:01.934875,"Put-Call Parity Short sell call, Short-sell bond, Buy Put, Buy Underlying",1,2.3338243979192628
210,0.0227,0.071,2.0,1.957,2016-Feb-16 09:32:01.934924,"Put-Call Parity Short sell call, Short-sell bond, Buy Put, Buy Underlying",1,11.771988462320717
211,0.0227,0.071,2.0,1.957,2016-Feb-16 09:32:01.934944,"Put-Call Parity Short sell call, Short-sell bond, Buy Put, Buy Underlying",1,11.771988462320717
212,0.043,0.0418,1.95,1.957,2016-Feb-16 09:32:01.934960,"Put-Call Parity Short sell call, Short-sell bond, Buy Put, Buy Underlying",1,7.210152526721495
213,0.043,0.0406,1.95,1.957,2016-Feb-16 09:32:01.934976,"Put-Call Parity Short sell call, Short-sell bond, Buy Put, Buy Underlying",1,19.210152526720172
214,0.155,0.0034,1.8,1.957,2016-Feb-16 09:32:01.935212,"Put-Call Parity Short sell call, Short-sell bond, Buy Put, Buy Underlying",1,12.524644719919511
215,0.011,0.1102,2.05,1.957,2016-Feb-16 09:32:02.420938,"Put-Call Parity Short sell call, Short-sell bond, Buy Put, Buy Underlying",1,2.3338243979192628
216,0.0227,0.071,2.0,1.957,2016-Feb-16 09:32:02.420956,"Put-Call Parity Short sell call, Short-sell bond, Buy Put, Buy Underlying",1,11.771988462320717
217,0.0227,0.0709,2.0,1.957,2016-Feb-16 09:32:02.420978,"Put-Call Parity Short sell call, Short-sell bond, Buy Put, Buy Underlying",1,12.771988462320607
218,0.0412,0.0406,1.95,1.957,2016-Feb-16 09:32:02.420997,"Put-Call Parity Short sell call, Short-sell bond, Buy Put, Buy Underlying",1,1.2101525267199351
219,0.011,0.1102,2.05,1.957,2016-Feb-16 09:32:02.969093,"Put-Call Parity Short sell call, Short-sell bond, Buy Put, Buy Underlying",1,2.3338243979192628
220,0.0227,0.0709,2.0,1.957,2016-Feb-16 09:32:02.969122,"Put-Call Parity Short sell call, Short-sell bond, Buy Put, Buy Underlying",1,12.771988462320607
221,0.0227,0.071,2.0,1.957,2016-Feb-16 09:32:02.969138,"Put-Call Parity Short sell call, Short-sell bond, Buy Put, Buy Underlying",1,11.771988462320717
222,0.0412,0.0406,1.95,1.957,2016-Feb-16 09:32:02.969153,"Put-Call Parity Short sell call, Short-sell bond, Buy Put, Buy Underlying",1,1.2101525267199351
223,0.0412,0.0406,1.95,1.957,2016-Feb-16 09:32:02.969191,"Put-Call Parity Short sell call, Short-sell bond, Buy Put, Buy Underlying",1,1.2101525267199351
224,0.011,0.1102,2.05,1.957,2016-Feb-16 09:32:03.442554,"Put-Call Parity Short sell call, Short-sell bond, Buy Put, Buy Underlying",1,2.3338243979192628
225,0.0227,0.071,2.0,1.957,2016-Feb-16 09:32:03.442582,"Put-Call Parity Short sell call, Short-sell bond, Buy Put, Buy Underlying",1,11.771988462320717
226,0.0227,0.071,2.0,1.957,2016-Feb-16 09:32:03.442607,"Put-Call Parity Short sell call, Short-sell bond, Buy Put, Buy Underlying",1,11.771988462320717
227,0.0412,0.0406,1.95,1.957,2016-Feb-16 09:32:03.442632,"Put-Call Parity Short sell call, Short-sell bond, Buy Put, Buy Underlying",1,1.2101525267199351
228,0.0412,0.0406,1.95,1.957,2016-Feb-16 09:32:03.442650,"Put-Call Parity Short sell call, Short-sell bond, Buy Put, Buy Underlying",1,1.2101525267199351
229,0.011,0.1102,2.05,1.957,2016-Feb-16 09:32:03.947019,"Put-Call Parity Short sell call, Short-sell bond, Buy Put, Buy Underlying",1,2.3338243979192628
230,0.0242,0.071,2.0,1.957,2016-Feb-16 09:32:03.947067,"Put-Call Parity Short sell call, Short-sell bond, Buy Put, Buy Underlying",1,26.771988462321286
231,0.0242,0.0707,2.0,1.957,2016-Feb-16 09:32:03.947107,"Put-Call Parity Short sell call, Short-sell bond, Buy Put, Buy Underlying",1,29.77198846232096
232,0.0412,0.0406,1.95,1.957,2016-Feb-16 09:32:03.947230,"Put-Call Parity Short sell call, Short-sell bond, Buy Put, Buy Underlying",1,1.2101525267199351
233,0.0412,0.0406,1.95,1.957,2016-Feb-16 09:32:03.947264,"Put-Call Parity Short sell call, Short-sell bond, Buy Put, Buy Underlying",1,1.2101525267199351
234,0.155,0.0034,1.8,1.957,2016-Feb-16 09:32:03.947475,"Put-Call Parity Short sell call, Short-sell bond, Buy Put, Buy Underlying",1,12.524644719919511
235,0.0242,0.0707,2.0,1.958,2016-Feb-16 09:32:04.994181,"Put-Call Parity Short sell call, Short-sell bond, Buy Put, Buy Underlying",1,19.81572814093221
236,0.0242,0.0707,2.0,1.958,2016-Feb-16 09:32:04.994215,"Put-Call Parity Short sell call, Short-sell bond, Buy Put, Buy Underlying",1,19.81572814093221
237,0.155,0.0034,1.8,1.958,2016-Feb-16 09:32:04.994400,"Put-Call Parity Short sell call, Short-sell bond, Buy Put, Buy Underlying",1,2.5683843985307684
238,0.0242,0.0707,2.0,1.958,2016-Feb-16 09:32:05.378435,"Put-Call Parity Short sell call, Short-sell bond, Buy Put, Buy Underlying",1,19.81572814093221
239,0.0242,0.0707,2.0,1.958,2016-Feb-16 09:32:05.378499,"Put-Call Parity Short sell call, Short-sell bond, Buy Put, Buy Underlying",1,19.81572814093221
240,0.155,0.0034,1.8,1.958,2016-Feb-16 09:32:05.378649,"Put-Call Parity Short sell call, Short-sell bond, Buy Put, Buy Underlying",1,2.5683843985307684
241,0.0242,0.0707,2.0,1.958,2016-Feb-16 09:32:05.898176,"Put-Call Parity Short sell call, Short-sell bond, Buy Put, Buy Underlying",1,19.81572814093221
242,0.155,0.0034,1.8,1.958,2016-Feb-16 09:32:05.898471,"Put-Call Parity Short sell call, Short-sell bond, Buy Put, Buy Underlying",1,2.5683843985307684
243,0.155,0.0035,1.8,1.958,2016-Feb-16 09:32:05.898499,"Put-Call Parity Short sell call, Short-sell bond, Buy Put, Buy Underlying",1,1.5683843985308785
244,0.0246,0.0707,2.0,1.958,2016-Feb-16 09:32:06.402904,"Put-Call Parity Short sell call, Short-sell bond, Buy Put, Buy Underlying",1,23.81572814093177
245,0.0246,0.0689,2.0,1.958,2016-Feb-16 09:32:06.403021,"Put-Call Parity Short sell call, Short-sell bond, Buy Put, Buy Underlying",1,41.81572814093201
246,0.155,0.0035,1.8,1.958,2016-Feb-16 09:32:06.403243,"Put-Call Parity Short sell call, Short-sell bond, Buy Put, Buy Underlying",1,1.5683843985308785
247,0.155,0.0035,1.8,1.958,2016-Feb-16 09:32:06.403261,"Put-Call Parity Short sell call, Short-sell bond, Buy Put, Buy Underlying",1,1.5683843985308785
248,0.0246,0.0689,2.0,1.958,2016-Feb-16 09:32:06.903602,"Put-Call Parity Short sell call, Short-sell bond, Buy Put, Buy Underlying",1,41.81572814093201
249,0.0246,0.0689,2.0,1.958,2016-Feb-16 09:32:06.903631,"Put-Call Parity Short sell call, Short-sell bond, Buy Put, Buy Underlying",1,41.81572814093201
250,0.0246,0.0689,2.0,1.958,2016-Feb-16 09:32:07.386629,"Put-Call Parity Short sell call, Short-sell bond, Buy Put, Buy Underlying",1,41.81572814093201
251,0.0246,0.0689,2.0,1.958,2016-Feb-16 09:32:07.386664,"Put-Call Parity Short sell call, Short-sell bond, Buy Put, Buy Underlying",1,41.81572814093201
252,0.155,0.0035,1.8,1.958,2016-Feb-16 09:32:07.387005,"Put-Call Parity Short sell call, Short-sell bond, Buy Put, Buy Underlying",1,1.5683843985308785
253,0.155,0.0035,1.8,1.958,2016-Feb-16 09:32:07.387060,"Put-Call Parity Short sell call, Short-sell bond, Buy Put, Buy Underlying",1,1.5683843985308785
254,0.0246,0.0689,2.0,1.958,2016-Feb-16 09:32:07.903756,"Put-Call Parity Short sell call, Short-sell bond, Buy Put, Buy Underlying",1,41.81572814093201
255,0.0246,0.0689,2.0,1.958,2016-Feb-16 09:32:07.903789,"Put-Call Parity Short sell call, Short-sell bond, Buy Put, Buy Underlying",1,41.81572814093201
256,0.1108,0.0078,1.85,1.958,2016-Feb-16 09:32:07.903904,"Put-Call Parity Short sell call, Short-sell bond, Buy Put, Buy Underlying",1,16.13022033413122
257,0.1108,0.0082,1.85,1.958,2016-Feb-16 09:32:07.903923,"Put-Call Parity Short sell call, Short-sell bond, Buy Put, Buy Underlying",1,12.13022033413166
258,0.155,0.0035,1.8,1.958,2016-Feb-16 09:32:07.903948,"Put-Call Parity Short sell call, Short-sell bond, Buy Put, Buy Underlying",1,1.5683843985308785
259,0.155,0.0034,1.8,1.958,2016-Feb-16 09:32:07.903971,"Put-Call Parity Short sell call, Short-sell bond, Buy Put, Buy Underlying",1,2.5683843985307684
260,0.0246,0.0689,2.0,1.958,2016-Feb-16 09:32:08.420775,"Put-Call Parity Short sell call, Short-sell bond, Buy Put, Buy Underlying",1,41.81572814093201
261,0.0246,0.071,2.0,1.958,2016-Feb-16 09:32:08.420818,"Put-Call Parity Short sell call, Short-sell bond, Buy Put, Buy Underlying",1,20.8157281409321
262,0.1108,0.0082,1.85,1.958,2016-Feb-16 09:32:08.420879,"Put-Call Parity Short sell call, Short-sell bond, Buy Put, Buy Underlying",1,12.13022033413166
263,0.155,0.0034,1.8,1.958,2016-Feb-16 09:32:08.421072,"Put-Call Parity Short sell call, Short-sell bond, Buy Put, Buy Underlying",1,2.5683843985307684
264,0.0237,0.071,2.0,1.958,2016-Feb-16 09:32:08.933354,"Put-Call Parity Short sell call, Short-sell bond, Buy Put, Buy Underlying",1,11.815728140933093
265,0.0237,0.071,2.0,1.958,2016-Feb-16 09:32:08.933392,"Put-Call Parity Short sell call, Short-sell bond, Buy Put, Buy Underlying",1,11.815728140933093
266,0.0422,0.0406,1.95,1.958,2016-Feb-16 09:32:08.933464,"Put-Call Parity Short sell call, Short-sell bond, Buy Put, Buy Underlying",1,1.2538922053323107
267,0.0422,0.0406,1.95,1.958,2016-Feb-16 09:32:08.933507,"Put-Call Parity Short sell call, Short-sell bond, Buy Put, Buy Underlying",1,1.2538922053323107
268,0.1108,0.0082,1.85,1.958,2016-Feb-16 09:32:08.933751,"Put-Call Parity Short sell call, Short-sell bond, Buy Put, Buy Underlying",1,12.13022033413166
269,0.155,0.0034,1.8,1.958,2016-Feb-16 09:32:08.933808,"Put-Call Parity Short sell call, Short-sell bond, Buy Put, Buy Underlying",1,2.5683843985307684
270,0.011,0.1102,2.05,1.957,2016-Feb-16 09:32:09.986978,"Put-Call Parity Short sell call, Short-sell bond, Buy Put, Buy Underlying",1,2.3338243979192628
271,0.011,0.1102,2.05,1.957,2016-Feb-16 09:32:09.987024,"Put-Call Parity Short sell call, Short-sell bond, Buy Put, Buy Underlying",1,2.3338243979192628
272,0.0237,0.071,2.0,1.957,2016-Feb-16 09:32:09.987076,"Put-Call Parity Short sell call, Short-sell bond, Buy Put, Buy Underlying",1,21.771988462321836
273,0.0237,0.071,2.0,1.957,2016-Feb-16 09:32:09.987198,"Put-Call Parity Short sell call, Short-sell bond, Buy Put, Buy Underlying",1,21.771988462321836
274,0.0422,0.0406,1.95,1.957,2016-Feb-16 09:32:09.987229,"Put-Call Parity Short sell call, Short-sell bond, Buy Put, Buy Underlying",1,11.210152526721053
275,0.0422,0.0406,1.95,1.957,2016-Feb-16 09:32:09.987252,"Put-Call Parity Short sell call, Short-sell bond, Buy Put, Buy Underlying",1,11.210152526721053
276,0.155,0.0034,1.8,1.957,2016-Feb-16 09:32:09.987372,"Put-Call Parity Short sell call, Short-sell bond, Buy Put, Buy Underlying",1,12.524644719919511
277,0.155,0.0034,1.8,1.957,2016-Feb-16 09:32:09.987419,"Put-Call Parity Short sell call, Short-sell bond, Buy Put, Buy Underlying",1,12.524644719919511
278,0.011,0.1102,2.05,1.957,2016-Feb-16 09:32:10.478828,"Put-Call Parity Short sell call, Short-sell bond, Buy Put, Buy Underlying",1,2.3338243979192628
279,0.0236,0.071,2.0,1.957,2016-Feb-16 09:32:10.478856,"Put-Call Parity Short sell call, Short-sell bond, Buy Put, Buy Underlying",1,20.771988462319726
280,0.0236,0.071,2.0,1.957,2016-Feb-16 09:32:10.478912,"Put-Call Parity Short sell call, Short-sell bond, Buy Put, Buy Underlying",1,20.771988462319726
281,0.0422,0.0406,1.95,1.957,2016-Feb-16 09:32:10.478964,"Put-Call Parity Short sell call, Short-sell bond, Buy Put, Buy Underlying",1,11.210152526721053
282,0.155,0.0034,1.8,1.957,2016-Feb-16 09:32:10.479082,"Put-Call Parity Short sell call, Short-sell bond, Buy Put, Buy Underlying",1,12.524644719919511
283,0.0233,0.071,2.0,1.957,2016-Feb-16 09:32:10.972107,"Put-Call Parity Short sell call, Short-sell bond, Buy Put, Buy Underlying",1,17.771988462320056
284,0.0422,0.0406,1.95,1.957,2016-Feb-16 09:32:10.972139,"Put-Call Parity Short sell call, Short-sell bond, Buy Put, Buy Underlying",1,11.210152526721053
285,0.0233,0.071,2.0,1.957,2016-Feb-16 09:32:11.458225,"Put-Call Parity Short sell call, Short-sell bond, Buy Put, Buy Underlying",1,17.771988462320056
286,0.0422,0.0406,1.95,1.957,2016-Feb-16 09:32:11.458384,"Put-Call Parity Short sell call, Short-sell bond, Buy Put, Buy Underlying",1,11.210152526721053
287,0.0422,0.0406,1.95,1.957,2016-Feb-16 09:32:11.458407,"Put-Call Parity Short sell call, Short-sell bond, Buy Put, Buy Underlying",1,11.210152526721053
288,0.0232,0.071,2.0,1.957,2016-Feb-16 09:32:11.988734,"Put-Call Parity Short sell call, Short-sell bond, Buy Put, Buy Underlying",1,16.771988462320166
289,0.0422,0.0406,1.95,1.957,2016-Feb-16 09:32:11.988758,"Put-Call Parity Short sell call, Short-sell bond, Buy Put, Buy Underlying",1,11.210152526721053
290,0.155,0.0034,1.8,1.957,2016-Feb-16 09:32:11.988808,"Put-Call Parity Short sell call, Short-sell bond, Buy Put, Buy Underlying",1,12.524644719919511
291,0.155,0.0026,1.8,1.957,2016-Feb-16 09:32:11.988823,"Put-Call Parity Short sell call, Short-sell bond, Buy Put, Buy Underlying",1,20.52464471992085
292,0.0232,0.071,2.0,1.957,2016-Feb-16 09:32:12.462039,"Put-Call Parity Short sell call, Short-sell bond, Buy Put, Buy Underlying",1,16.771988462320166
293,0.0422,0.0406,1.95,1.957,2016-Feb-16 09:32:12.462078,"Put-Call Parity Short sell call, Short-sell bond, Buy Put, Buy Underlying",1,11.210152526721053
294,0.0422,0.0406,1.95,1.957,2016-Feb-16 09:32:12.462106,"Put-Call Parity Short sell call, Short-sell bond, Buy Put, Buy Underlying",1,11.210152526721053
295,0.155,0.0034,1.8,1.957,2016-Feb-16 09:32:12.462219,"Put-Call Parity Short sell call, Short-sell bond, Buy Put, Buy Underlying",1,12.524644719919511
296,0.0232,0.071,2.0,1.957,2016-Feb-16 09:32:12.909630,"Put-Call Parity Short sell call, Short-sell bond, Buy Put, Buy Underlying",1,16.771988462320166
297,0.0422,0.0406,1.95,1.957,2016-Feb-16 09:32:12.909664,"Put-Call Parity Short sell call, Short-sell bond, Buy Put, Buy Underlying",1,11.210152526721053
298,0.155,0.0034,1.8,1.957,2016-Feb-16 09:32:12.909807,"Put-Call Parity Short sell call, Short-sell bond, Buy Put, Buy Underlying",1,12.524644719919511
299,0.0232,0.071,2.0,1.957,2016-Feb-16 09:32:13.409386,"Put-Call Parity Short sell call, Short-sell bond, Buy Put, Buy Underlying",1,16.771988462320166
300,0.0422,0.0406,1.95,1.957,2016-Feb-16 09:32:13.409402,"Put-Call Parity Short sell call, Short-sell bond, Buy Put, Buy Underlying",1,11.210152526721053
301,0.155,0.0034,1.8,1.957,2016-Feb-16 09:32:13.409461,"Put-Call Parity Short sell call, Short-sell bond, Buy Put, Buy Underlying",1,12.524644719919511
302,0.011,0.1102,2.05,1.957,2016-Feb-16 09:32:13.910516,"Put-Call Parity Short sell call, Short-sell bond, Buy Put, Buy Underlying",1,2.3338243979192628
303,0.011,0.1102,2.05,1.957,2016-Feb-16 09:32:13.910666,"Put-Call Parity Short sell call, Short-sell bond, Buy Put, Buy Underlying",1,2.3338243979192628
304,0.0241,0.071,2.0,1.957,2016-Feb-16 09:32:13.910726,"Put-Call Parity Short sell call, Short-sell bond, Buy Put, Buy Underlying",1,25.771988462321396
305,0.0422,0.0406,1.95,1.957,2016-Feb-16 09:32:13.910748,"Put-Call Parity Short sell call, Short-sell bond, Buy Put, Buy Underlying",1,11.210152526721053
306,0.0422,0.0406,1.95,1.957,2016-Feb-16 09:32:13.910813,"Put-Call Parity Short sell call, Short-sell bond, Buy Put, Buy Underlying",1,11.210152526721053
307,0.155,0.0034,1.8,1.957,2016-Feb-16 09:32:13.910860,"Put-Call Parity Short sell call, Short-sell bond, Buy Put, Buy Underlying",1,12.524644719919511
308,0.0241,0.071,2.0,1.959,2016-Feb-16 09:32:14.938413,"Put-Call Parity Short sell call, Short-sell bond, Buy Put, Buy Underlying",1,5.859467819541689
309,0.0241,0.071,2.0,1.959,2016-Feb-16 09:32:15.548289,"Put-Call Parity Short sell call, Short-sell bond, Buy Put, Buy Underlying",1,5.859467819541689
310,0.0241,0.071,2.0,1.959,2016-Feb-16 09:32:15.548334,"Put-Call Parity Short sell call, Short-sell bond, Buy Put, Buy Underlying",1,5.859467819541689
311,0.0241,0.071,2.0,1.959,2016-Feb-16 09:32:16.055684,"Put-Call Parity Short sell call, Short-sell bond, Buy Put, Buy Underlying",1,5.859467819541689
312,0.0431,0.0406,1.95,1.959,2016-Feb-16 09:32:16.055833,"Put-Call Parity Short sell call, Short-sell bond, Buy Put, Buy Underlying",1,0.29763188394035556
313,0.0431,0.0406,1.95,1.959,2016-Feb-16 09:32:16.055862,"Put-Call Parity Short sell call, Short-sell bond, Buy Put, Buy Underlying",1,0.29763188394035556
314,0.0241,0.071,2.0,1.959,2016-Feb-16 09:32:16.538638,"Put-Call Parity Short sell call, Short-sell bond, Buy Put, Buy Underlying",1,5.859467819541689
315,0.0431,0.0406,1.95,1.959,2016-Feb-16 09:32:16.538672,"Put-Call Parity Short sell call, Short-sell bond, Buy Put, Buy Underlying",1,0.29763188394035556
316,0.011,0.1086,2.05,1.959,2016-Feb-16 09:32:17.052082,"Put-Call Parity Short sell call, Short-sell bond, Buy Put, Buy Underlying",0,1.7213037551400134
317,0.0241,0.071,2.0,1.959,2016-Feb-16 09:32:17.052100,"Put-Call Parity Short sell call, Short-sell bond, Buy Put, Buy Underlying",1,5.859467819541689
318,0.0431,0.0406,1.95,1.959,2016-Feb-16 09:32:17.052129,"Put-Call Parity Short sell call, Short-sell bond, Buy Put, Buy Underlying",1,0.29763188394035556
319,0.0241,0.071,2.0,1.959,2016-Feb-16 09:32:17.567962,"Put-Call Parity Short sell call, Short-sell bond, Buy Put, Buy Underlying",1,5.859467819541689
320,0.0431,0.0406,1.95,1.959,2016-Feb-16 09:32:17.568038,"Put-Call Parity Short sell call, Short-sell bond, Buy Put, Buy Underlying",1,0.29763188394035556
321,0.0431,0.0406,1.95,1.959,2016-Feb-16 09:32:17.568068,"Put-Call Parity Short sell call, Short-sell bond, Buy Put, Buy Underlying",1,0.29763188394035556
322,0.011,0.1086,2.05,1.959,2016-Feb-16 09:32:18.074378,"Put-Call Parity Short sell call, Short-sell bond, Buy Put, Buy Underlying",0,1.7213037551400134
323,0.0431,0.0406,1.95,1.959,2016-Feb-16 09:32:18.074420,"Put-Call Parity Short sell call, Short-sell bond, Buy Put, Buy Underlying",1,0.29763188394035556
324,0.011,0.1086,2.05,1.959,2016-Feb-16 09:32:18.584381,"Put-Call Parity Short sell call, Short-sell bond, Buy Put, Buy Underlying",0,1.7213037551400134
325,0.011,0.1086,2.05,1.959,2016-Feb-16 09:32:18.584399,"Put-Call Parity Short sell call, Short-sell bond, Buy Put, Buy Underlying",0,1.7213037551400134
326,0.0431,0.0406,1.95,1.959,2016-Feb-16 09:32:18.584415,"Put-Call Parity Short sell call, Short-sell bond, Buy Put, Buy Underlying",1,0.29763188394035556
327,0.0115,0.1086,2.05,1.959,2016-Feb-16 09:32:19.068913,"Put-Call Parity Short sell call, Short-sell bond, Buy Put, Buy Underlying",1,3.4213037551416834
328,0.0115,0.1086,2.05,1.959,2016-Feb-16 09:32:19.068930,"Put-Call Parity Short sell call, Short-sell bond, Buy Put, Buy Underlying",1,3.4213037551416834
329,0.026,0.071,2.0,1.959,2016-Feb-16 09:32:19.068959,"Put-Call Parity Short sell call, Short-sell bond, Buy Put, Buy Underlying",1,24.859467819541816
330,0.0115,0.1086,2.05,1.959,2016-Feb-16 09:32:20.034027,"Put-Call Parity Short sell call, Short-sell bond, Buy Put, Buy Underlying",1,3.4213037551416834
331,0.0115,0.1086,2.05,1.959,2016-Feb-16 09:32:20.034047,"Put-Call Parity Short sell call, Short-sell bond, Buy Put, Buy Underlying",1,3.4213037551416834
332,0.0241,0.071,2.0,1.959,2016-Feb-16 09:32:20.034125,"Put-Call Parity Short sell call, Short-sell bond, Buy Put, Buy Underlying",1,5.859467819541689
333,0.0431,0.0406,1.95,1.959,2016-Feb-16 09:32:20.034176,"Put-Call Parity Short sell call, Short-sell bond, Buy Put, Buy Underlying",1,0.29763188394035556
334,0.0431,0.0406,1.95,1.959,2016-Feb-16 09:32:20.034209,"Put-Call Parity Short sell call, Short-sell bond, Buy Put, Buy Underlying",1,0.29763188394035556
335,0.0115,0.1086,2.05,1.959,2016-Feb-16 09:32:20.425435,"Put-Call Parity Short sell call, Short-sell bond, Buy Put, Buy Underlying",1,3.4213037551416834
336,0.0241,0.071,2.0,1.959,2016-Feb-16 09:32:20.425463,"Put-Call Parity Short sell call, Short-sell bond, Buy Put, Buy Underlying",1,5.859467819541689
337,0.0115,0.1086,2.05,1.959,2016-Feb-16 09:32:20.918899,"Put-Call Parity Short sell call, Short-sell bond, Buy Put, Buy Underlying",1,3.4213037551416834
338,0.0241,0.071,2.0,1.959,2016-Feb-16 09:32:20.918964,"Put-Call Parity Short sell call, Short-sell bond, Buy Put, Buy Underlying",1,5.859467819541689
339,0.0241,0.0709,2.0,1.959,2016-Feb-16 09:32:20.919029,"Put-Call Parity Short sell call, Short-sell bond, Buy Put, Buy Underlying",1,6.859467819541579
340,0.0431,0.0406,1.95,1.959,2016-Feb-16 09:32:20.919053,"Put-Call Parity Short sell call, Short-sell bond, Buy Put, Buy Underlying",1,0.29763188394035556
341,0.011,0.1086,2.05,1.959,2016-Feb-16 09:32:21.436113,"Put-Call Parity Short sell call, Short-sell bond, Buy Put, Buy Underlying",0,1.7213037551400134
342,0.0241,0.0709,2.0,1.959,2016-Feb-16 09:32:21.436144,"Put-Call Parity Short sell call, Short-sell bond, Buy Put, Buy Underlying",1,6.859467819541579
343,0.0241,0.0709,2.0,1.959,2016-Feb-16 09:32:21.436217,"Put-Call Parity Short sell call, Short-sell bond, Buy Put, Buy Underlying",1,6.859467819541579
344,0.0431,0.0406,1.95,1.959,2016-Feb-16 09:32:21.436244,"Put-Call Parity Short sell call, Short-sell bond, Buy Put, Buy Underlying",1,0.29763188394035556
345,0.0431,0.0406,1.95,1.959,2016-Feb-16 09:32:21.436260,"Put-Call Parity Short sell call, Short-sell bond, Buy Put, Buy Underlying",1,0.29763188394035556
346,0.0241,0.0709,2.0,1.959,2016-Feb-16 09:32:21.922077,"Put-Call Parity Short sell call, Short-sell bond, Buy Put, Buy Underlying",1,6.859467819541579
347,0.0431,0.0406,1.95,1.959,2016-Feb-16 09:32:21.922197,"Put-Call Parity Short sell call, Short-sell bond, Buy Put, Buy Underlying",1,0.29763188394035556
348,0.011,0.1086,2.05,1.959,2016-Feb-16 09:32:22.441340,"Put-Call Parity Short sell call, Short-sell bond, Buy Put, Buy Underlying",0,1.7213037551400134
349,0.0241,0.0709,2.0,1.959,2016-Feb-16 09:32:22.441391,"Put-Call Parity Short sell call, Short-sell bond, Buy Put, Buy Underlying",1,6.859467819541579
350,0.0241,0.0709,2.0,1.959,2016-Feb-16 09:32:22.441435,"Put-Call Parity Short sell call, Short-sell bond, Buy Put, Buy Underlying",1,6.859467819541579
351,0.0431,0.0406,1.95,1.959,2016-Feb-16 09:32:22.441453,"Put-Call Parity Short sell call, Short-sell bond, Buy Put, Buy Underlying",1,0.29763188394035556
352,0.0431,0.0406,1.95,1.959,2016-Feb-16 09:32:22.441483,"Put-Call Parity Short sell call, Short-sell bond, Buy Put, Buy Underlying",1,0.29763188394035556
353,0.011,0.1086,2.05,1.959,2016-Feb-16 09:32:22.924186,"Put-Call Parity Short sell call, Short-sell bond, Buy Put, Buy Underlying",0,1.7213037551400134
354,0.0256,0.0709,2.0,1.959,2016-Feb-16 09:32:22.924244,"Put-Call Parity Short sell call, Short-sell bond, Buy Put, Buy Underlying",1,21.859467819542147
355,0.0431,0.0406,1.95,1.959,2016-Feb-16 09:32:22.924291,"Put-Call Parity Short sell call, Short-sell bond, Buy Put, Buy Underlying",1,0.29763188394035556
356,0.011,0.1086,2.05,1.959,2016-Feb-16 09:32:23.469763,"Put-Call Parity Short sell call, Short-sell bond, Buy Put, Buy Underlying",0,1.7213037551400134
357,0.0255,0.0709,2.0,1.959,2016-Feb-16 09:32:23.469809,"Put-Call Parity Short sell call, Short-sell bond, Buy Put, Buy Underlying",1,20.859467819540036
358,0.0431,0.0406,1.95,1.959,2016-Feb-16 09:32:23.469843,"Put-Call Parity Short sell call, Short-sell bond, Buy Put, Buy Underlying",1,0.29763188394035556
359,0.0431,0.0406,1.95,1.959,2016-Feb-16 09:32:23.469996,"Put-Call Parity Short sell call, Short-sell bond, Buy Put, Buy Underlying",1,0.29763188394035556
360,0.0241,0.0709,2.0,1.959,2016-Feb-16 09:32:23.953772,"Put-Call Parity Short sell call, Short-sell bond, Buy Put, Buy Underlying",1,6.859467819541579
361,0.0241,0.0709,2.0,1.96,2016-Feb-16 09:32:25.004820,"Put-Call Parity Short sell call, Short-sell bond, Buy Put, Buy Underlying",0,0.2032074981506149
362,0.0241,0.0709,2.0,1.96,2016-Feb-16 09:32:25.004839,"Put-Call Parity Short sell call, Short-sell bond, Buy Put, Buy Underlying",0,0.2032074981506149
363,0.0241,0.0709,2.0,1.96,2016-Feb-16 09:32:25.505943,"Put-Call Parity Short sell call, Short-sell bond, Buy Put, Buy Underlying",0,0.2032074981506149
364,0.0241,0.0709,2.0,1.96,2016-Feb-16 09:32:25.995205,"Put-Call Parity Short sell call, Short-sell bond, Buy Put, Buy Underlying",0,0.2032074981506149
365,0.0241,0.0709,2.0,1.96,2016-Feb-16 09:32:28.440883,"Put-Call Parity Short sell call, Short-sell bond, Buy Put, Buy Underlying",0,0.2032074981506149
366,0.0241,0.0709,2.0,1.96,2016-Feb-16 09:32:28.941246,"Put-Call Parity Short sell call, Short-sell bond, Buy Put, Buy Underlying",0,0.2032074981506149
367,0.0241,0.0709,2.0,1.96,2016-Feb-16 09:32:28.941278,"Put-Call Parity Short sell call, Short-sell bond, Buy Put, Buy Underlying",0,0.2032074981506149
368,0.0437,0.0405,1.95,1.96,2016-Feb-16 09:32:30.590329,"Put-Call Parity Short sell call, Short-sell bond, Buy Put, Buy Underlying",0,0.6413715625508409
369,0.0437,0.0405,1.95,1.96,2016-Feb-16 09:32:30.590390,"Put-Call Parity Short sell call, Short-sell bond, Buy Put, Buy Underlying",0,0.6413715625508409
370,0.0437,0.0405,1.95,1.96,2016-Feb-16 09:32:31.080280,"Put-Call Parity Short sell call, Short-sell bond, Buy Put, Buy Underlying",0,0.6413715625508409
371,0.0241,0.0709,2.0,1.96,2016-Feb-16 09:32:31.572848,"Put-Call Parity Short sell call, Short-sell bond, Buy Put, Buy Underlying",0,0.2032074981506149
372,0.0437,0.0405,1.95,1.96,2016-Feb-16 09:32:31.572912,"Put-Call Parity Short sell call, Short-sell bond, Buy Put, Buy Underlying",0,0.6413715625508409
373,0.0437,0.0405,1.95,1.96,2016-Feb-16 09:32:31.572943,"Put-Call Parity Short sell call, Short-sell bond, Buy Put, Buy Underlying",0,0.6413715625508409
374,0.0241,0.0709,2.0,1.96,2016-Feb-16 09:32:32.086062,"Put-Call Parity Short sell call, Short-sell bond, Buy Put, Buy Underlying",0,0.2032074981506149
375,0.0437,0.0405,1.95,1.96,2016-Feb-16 09:32:32.086104,"Put-Call Parity Short sell call, Short-sell bond, Buy Put, Buy Underlying",0,0.6413715625508409
376,0.0241,0.0709,2.0,1.96,2016-Feb-16 09:32:32.596219,"Put-Call Parity Short sell call, Short-sell bond, Buy Put, Buy Underlying",0,0.2032074981506149
377,0.0241,0.0709,2.0,1.96,2016-Feb-16 09:32:33.097873,"Put-Call Parity Short sell call, Short-sell bond, Buy Put, Buy Underlying",0,0.2032074981506149
378,0.0241,0.0709,2.0,1.96,2016-Feb-16 09:32:33.608837,"Put-Call Parity Short sell call, Short-sell bond, Buy Put, Buy Underlying",0,0.2032074981506149
379,0.0438,0.0405,1.95,1.96,2016-Feb-16 09:32:33.608864,"Put-Call Parity Short sell call, Short-sell bond, Buy Put, Buy Underlying",0,1.6413715625507308
380,0.0438,0.0405,1.95,1.96,2016-Feb-16 09:32:33.608885,"Put-Call Parity Short sell call, Short-sell bond, Buy Put, Buy Underlying",0,1.6413715625507308
381,0.0241,0.0709,2.0,1.96,2016-Feb-16 09:32:34.118058,"Put-Call Parity Short sell call, Short-sell bond, Buy Put, Buy Underlying",0,0.2032074981506149
382,0.0438,0.0405,1.95,1.96,2016-Feb-16 09:32:34.118101,"Put-Call Parity Short sell call, Short-sell bond, Buy Put, Buy Underlying",0,1.6413715625507308
383,0.0438,0.0405,1.95,1.96,2016-Feb-16 09:32:34.118148,"Put-Call Parity Short sell call, Short-sell bond, Buy Put, Buy Underlying",0,1.6413715625507308
384,0.0062,0.154,2.1,1.958,2016-Feb-16 09:32:35.065170,"Put-Call Parity Short sell call, Short-sell bond, Buy Put, Buy Underlying",1,5.939400012135413
385,0.0118,0.1086,2.05,1.958,2016-Feb-16 09:32:35.065262,"Put-Call Parity Short sell call, Short-sell bond, Buy Put, Buy Underlying",1,16.377564076534536
386,0.0241,0.0709,2.0,1.958,2016-Feb-16 09:32:35.065345,"Put-Call Parity Short sell call, Short-sell bond, Buy Put, Buy Underlying",1,16.815728140932542
387,0.0241,0.07,2.0,1.958,2016-Feb-16 09:32:35.065402,"Put-Call Parity Short sell call, Short-sell bond, Buy Put, Buy Underlying",1,25.81572814093155
388,0.0438,0.0405,1.95,1.958,2016-Feb-16 09:32:35.065453,"Put-Call Parity Short sell call, Short-sell bond, Buy Put, Buy Underlying",1,18.253892205332658
389,0.0062,0.154,2.1,1.958,2016-Feb-16 09:32:35.560059,"Put-Call Parity Short sell call, Short-sell bond, Buy Put, Buy Underlying",1,5.939400012135413
390,0.0241,0.07,2.0,1.958,2016-Feb-16 09:32:35.560094,"Put-Call Parity Short sell call, Short-sell bond, Buy Put, Buy Underlying",1,25.81572814093155
391,0.0438,0.0405,1.95,1.958,2016-Feb-16 09:32:35.560143,"Put-Call Parity Short sell call, Short-sell bond, Buy Put, Buy Underlying",1,18.253892205332658
392,0.0715,0.0195,1.9,1.958,2016-Feb-16 09:32:35.560260,"Put-Call Parity Short sell call, Short-sell bond, Buy Put, Buy Underlying",1,5.692056269729876
393,0.155,0.0034,1.8,1.958,2016-Feb-16 09:32:35.560320,"Put-Call Parity Short sell call, Short-sell bond, Buy Put, Buy Underlying",1,2.5683843985307684
394,0.0062,0.154,2.1,1.958,2016-Feb-16 09:32:36.055854,"Put-Call Parity Short sell call, Short-sell bond, Buy Put, Buy Underlying",1,5.939400012135413
395,0.0062,0.154,2.1,1.958,2016-Feb-16 09:32:36.055995,"Put-Call Parity Short sell call, Short-sell bond, Buy Put, Buy Underlying",1,5.939400012135413
396,0.0118,0.1086,2.05,1.958,2016-Feb-16 09:32:36.056063,"Put-Call Parity Short sell call, Short-sell bond, Buy Put, Buy Underlying",1,16.377564076534536
397,0.0118,0.1086,2.05,1.958,2016-Feb-16 09:32:36.056114,"Put-Call Parity Short sell call, Short-sell bond, Buy Put, Buy Underlying",1,16.377564076534536
398,0.0236,0.07,2.0,1.958,2016-Feb-16 09:32:36.056144,"Put-Call Parity Short sell call, Short-sell bond, Buy Put, Buy Underlying",1,20.8157281409321
399,0.0236,0.07,2.0,1.958,2016-Feb-16 09:32:36.056164,"Put-Call Parity Short sell call, Short-sell bond, Buy Put, Buy Underlying",1,20.8157281409321
400,0.0432,0.0405,1.95,1.958,2016-Feb-16 09:32:36.056181,"Put-Call Parity Short sell call, Short-sell bond, Buy Put, Buy Underlying",1,12.253892205331098
401,0.0432,0.0405,1.95,1.958,2016-Feb-16 09:32:36.056198,"Put-Call Parity Short sell call, Short-sell bond, Buy Put, Buy Underlying",1,12.253892205331098
402,0.0715,0.0195,1.9,1.958,2016-Feb-16 09:32:36.056245,"Put-Call Parity Short sell call, Short-sell bond, Buy Put, Buy Underlying",1,5.692056269729876
403,0.155,0.0034,1.8,1.958,2016-Feb-16 09:32:36.056553,"Put-Call Parity Short sell call, Short-sell bond, Buy Put, Buy Underlying",1,2.5683843985307684
404,0.155,0.0034,1.8,1.958,2016-Feb-16 09:32:36.056575,"Put-Call Parity Short sell call, Short-sell bond, Buy Put, Buy Underlying",1,2.5683843985307684
405,0.0715,0.0195,1.9,1.958,2016-Feb-16 09:32:36.158946,"Put-Call Parity Short sell call, Short-sell bond, Buy Put, Buy Underlying",1,5.692056269729876
406,0.0062,0.154,2.1,1.958,2016-Feb-16 09:32:36.557924,"Put-Call Parity Short sell call, Short-sell bond, Buy Put, Buy Underlying",1,5.939400012135413
407,0.0062,0.154,2.1,1.958,2016-Feb-16 09:32:36.557954,"Put-Call Parity Short sell call, Short-sell bond, Buy Put, Buy Underlying",1,5.939400012135413
408,0.0118,0.1086,2.05,1.958,2016-Feb-16 09:32:36.557985,"Put-Call Parity Short sell call, Short-sell bond, Buy Put, Buy Underlying",1,16.377564076534536
409,0.0236,0.07,2.0,1.958,2016-Feb-16 09:32:36.558073,"Put-Call Parity Short sell call, Short-sell bond, Buy Put, Buy Underlying",1,20.8157281409321
410,0.0236,0.07,2.0,1.958,2016-Feb-16 09:32:36.558103,"Put-Call Parity Short sell call, Short-sell bond, Buy Put, Buy Underlying",1,20.8157281409321
411,0.0432,0.0405,1.95,1.958,2016-Feb-16 09:32:36.558158,"Put-Call Parity Short sell call, Short-sell bond, Buy Put, Buy Underlying",1,12.253892205331098
412,0.0715,0.0195,1.9,1.958,2016-Feb-16 09:32:36.558258,"Put-Call Parity Short sell call, Short-sell bond, Buy Put, Buy Underlying",1,5.692056269729876
413,0.155,0.0034,1.8,1.958,2016-Feb-16 09:32:36.558635,"Put-Call Parity Short sell call, Short-sell bond, Buy Put, Buy Underlying",1,2.5683843985307684
414,0.155,0.0035,1.8,1.958,2016-Feb-16 09:32:36.558665,"Put-Call Parity Short sell call, Short-sell bond, Buy Put, Buy Underlying",1,1.5683843985308785
415,0.0062,0.154,2.1,1.958,2016-Feb-16 09:32:37.064979,"Put-Call Parity Short sell call, Short-sell bond, Buy Put, Buy Underlying",1,5.939400012135413
416,0.0119,0.1086,2.05,1.958,2016-Feb-16 09:32:37.065000,"Put-Call Parity Short sell call, Short-sell bond, Buy Put, Buy Underlying",1,17.377564076532206
417,0.0119,0.1086,2.05,1.958,2016-Feb-16 09:32:37.065029,"Put-Call Parity Short sell call, Short-sell bond, Buy Put, Buy Underlying",1,17.377564076532206
418,0.0233,0.07,2.0,1.958,2016-Feb-16 09:32:37.065058,"Put-Call Parity Short sell call, Short-sell bond, Buy Put, Buy Underlying",1,17.815728140932432
419,0.0233,0.07,2.0,1.958,2016-Feb-16 09:32:37.065078,"Put-Call Parity Short sell call, Short-sell bond, Buy Put, Buy Underlying",1,17.815728140932432
420,0.0432,0.0405,1.95,1.958,2016-Feb-16 09:32:37.065111,"Put-Call Parity Short sell call, Short-sell bond, Buy Put, Buy Underlying",1,12.253892205331098
421,0.0715,0.0195,1.9,1.958,2016-Feb-16 09:32:37.065423,"Put-Call Parity Short sell call, Short-sell bond, Buy Put, Buy Underlying",1,5.692056269729876
422,0.155,0.0035,1.8,1.958,2016-Feb-16 09:32:37.065454,"Put-Call Parity Short sell call, Short-sell bond, Buy Put, Buy Underlying",1,1.5683843985308785
423,0.0119,0.1086,2.05,1.958,2016-Feb-16 09:32:37.554816,"Put-Call Parity Short sell call, Short-sell bond, Buy Put, Buy Underlying",1,17.377564076532206
424,0.0233,0.07,2.0,1.958,2016-Feb-16 09:32:37.554858,"Put-Call Parity Short sell call, Short-sell bond, Buy Put, Buy Underlying",1,17.815728140932432
425,0.0233,0.07,2.0,1.958,2016-Feb-16 09:32:37.555077,"Put-Call Parity Short sell call, Short-sell bond, Buy Put, Buy Underlying",1,17.815728140932432
426,0.0432,0.0405,1.95,1.958,2016-Feb-16 09:32:37.555205,"Put-Call Parity Short sell call, Short-sell bond, Buy Put, Buy Underlying",1,12.253892205331098
427,0.0715,0.0195,1.9,1.958,2016-Feb-16 09:32:37.555227,"Put-Call Parity Short sell call, Short-sell bond, Buy Put, Buy Underlying",1,5.692056269729876
428,0.155,0.0035,1.8,1.958,2016-Feb-16 09:32:37.555269,"Put-Call Parity Short sell call, Short-sell bond, Buy Put, Buy Underlying",1,1.5683843985308785
429,0.0062,0.154,2.1,1.958,2016-Feb-16 09:32:38.104195,"Put-Call Parity Short sell call, Short-sell bond, Buy Put, Buy Underlying",1,5.939400012135413
430,0.0062,0.154,2.1,1.958,2016-Feb-16 09:32:38.104258,"Put-Call Parity Short sell call, Short-sell bond, Buy Put, Buy Underlying",1,5.939400012135413
431,0.0119,0.1086,2.05,1.958,2016-Feb-16 09:32:38.104287,"Put-Call Parity Short sell call, Short-sell bond, Buy Put, Buy Underlying",1,17.377564076532206
432,0.023,0.07,2.0,1.958,2016-Feb-16 09:32:38.104336,"Put-Call Parity Short sell call, Short-sell bond, Buy Put, Buy Underlying",1,14.815728140932762
433,0.0432,0.0405,1.95,1.958,2016-Feb-16 09:32:38.104356,"Put-Call Parity Short sell call, Short-sell bond, Buy Put, Buy Underlying",1,12.253892205331098
434,0.155,0.0035,1.8,1.958,2016-Feb-16 09:32:38.104501,"Put-Call Parity Short sell call, Short-sell bond, Buy Put, Buy Underlying",1,1.5683843985308785
435,0.0062,0.154,2.1,1.958,2016-Feb-16 09:32:38.604363,"Put-Call Parity Short sell call, Short-sell bond, Buy Put, Buy Underlying",1,5.939400012135413
436,0.0119,0.1086,2.05,1.958,2016-Feb-16 09:32:38.604422,"Put-Call Parity Short sell call, Short-sell bond, Buy Put, Buy Underlying",1,17.377564076532206
437,0.0229,0.07,2.0,1.958,2016-Feb-16 09:32:38.604440,"Put-Call Parity Short sell call, Short-sell bond, Buy Put, Buy Underlying",1,13.815728140932872
438,0.0229,0.07,2.0,1.958,2016-Feb-16 09:32:38.604770,"Put-Call Parity Short sell call, Short-sell bond, Buy Put, Buy Underlying",1,13.815728140932872
439,0.0432,0.0405,1.95,1.958,2016-Feb-16 09:32:38.604823,"Put-Call Parity Short sell call, Short-sell bond, Buy Put, Buy Underlying",1,12.253892205331098
440,0.0432,0.0405,1.95,1.958,2016-Feb-16 09:32:38.604859,"Put-Call Parity Short sell call, Short-sell bond, Buy Put, Buy Underlying",1,12.253892205331098
441,0.155,0.0035,1.8,1.958,2016-Feb-16 09:32:38.605001,"Put-Call Parity Short sell call, Short-sell bond, Buy Put, Buy Underlying",1,1.5683843985308785
442,0.0119,0.1086,2.05,1.958,2016-Feb-16 09:32:39.098265,"Put-Call Parity Short sell call, Short-sell bond, Buy Put, Buy Underlying",1,17.377564076532206
443,0.0432,0.0405,1.95,1.958,2016-Feb-16 09:32:39.098285,"Put-Call Parity Short sell call, Short-sell bond, Buy Put, Buy Underlying",1,12.253892205331098
444,0.0062,0.154,2.1,1.958,2016-Feb-16 09:32:40.040381,"Put-Call Parity Short sell call, Short-sell bond, Buy Put, Buy Underlying",1,5.939400012135413
445,0.0112,0.1086,2.05,1.958,2016-Feb-16 09:32:40.040475,"Put-Call Parity Short sell call, Short-sell bond, Buy Put, Buy Underlying",1,10.377564076530756
446,0.0112,0.1086,2.05,1.958,2016-Feb-16 09:32:40.040531,"Put-Call Parity Short sell call, Short-sell bond, Buy Put, Buy Underlying",1,10.377564076530756
447,0.0228,0.07,2.0,1.958,2016-Feb-16 09:32:40.040564,"Put-Call Parity Short sell call, Short-sell bond, Buy Put, Buy Underlying",1,12.815728140932983
448,0.0228,0.07,2.0,1.958,2016-Feb-16 09:32:40.040584,"Put-Call Parity Short sell call, Short-sell bond, Buy Put, Buy Underlying",1,12.815728140932983
449,0.0432,0.0405,1.95,1.958,2016-Feb-16 09:32:40.040618,"Put-Call Parity Short sell call, Short-sell bond, Buy Put, Buy Underlying",1,12.253892205331098
450,0.0432,0.0405,1.95,1.958,2016-Feb-16 09:32:40.040647,"Put-Call Parity Short sell call, Short-sell bond, Buy Put, Buy Underlying",1,12.253892205331098
451,0.0715,0.0195,1.9,1.958,2016-Feb-16 09:32:40.040831,"Put-Call Parity Short sell call, Short-sell bond, Buy Put, Buy Underlying",1,5.692056269729876
452,0.155,0.0035,1.8,1.958,2016-Feb-16 09:32:40.040863,"Put-Call Parity Short sell call, Short-sell bond, Buy Put, Buy Underlying",1,1.5683843985308785
453,0.0112,0.1086,2.05,1.958,2016-Feb-16 09:32:40.518252,"Put-Call Parity Short sell call, Short-sell bond, Buy Put, Buy Underlying",1,10.377564076530756
454,0.0228,0.07,2.0,1.958,2016-Feb-16 09:32:40.518270,"Put-Call Parity Short sell call, Short-sell bond, Buy Put, Buy Underlying",1,12.815728140932983
455,0.0432,0.0405,1.95,1.958,2016-Feb-16 09:32:40.518292,"Put-Call Parity Short sell call, Short-sell bond, Buy Put, Buy Underlying",1,12.253892205331098
456,0.0112,0.1086,2.05,1.958,2016-Feb-16 09:32:41.050212,"Put-Call Parity Short sell call, Short-sell bond, Buy Put, Buy Underlying",1,10.377564076530756
457,0.0228,0.07,2.0,1.958,2016-Feb-16 09:32:41.050244,"Put-Call Parity Short sell call, Short-sell bond, Buy Put, Buy Underlying",1,12.815728140932983
458,0.0112,0.1086,2.05,1.958,2016-Feb-16 09:32:41.532142,"Put-Call Parity Short sell call, Short-sell bond, Buy Put, Buy Underlying",1,10.377564076530756
459,0.0715,0.0195,1.9,1.958,2016-Feb-16 09:32:42.042629,"Put-Call Parity Short sell call, Short-sell bond, Buy Put, Buy Underlying",1,5.692056269729876
460,0.0432,0.0405,1.95,1.958,2016-Feb-16 09:32:42.552160,"Put-Call Parity Short sell call, Short-sell bond, Buy Put, Buy Underlying",1,12.253892205331098
461,0.042,0.0405,1.95,1.958,2016-Feb-16 09:32:43.060550,"Put-Call Parity Short sell call, Short-sell bond, Buy Put, Buy Underlying",1,0.25389220533242085
462,0.042,0.0405,1.95,1.958,2016-Feb-16 09:32:43.060568,"Put-Call Parity Short sell call, Short-sell bond, Buy Put, Buy Underlying",1,0.25389220533242085
463,0.0715,0.0195,1.9,1.958,2016-Feb-16 09:32:43.060585,"Put-Call Parity Short sell call, Short-sell bond, Buy Put, Buy Underlying",1,5.692056269729876
464,0.0419,0.0405,1.95,1.958,2016-Feb-16 09:32:43.559590,"Put-Call Parity Short sell call, Short-sell bond, Buy Put, Buy Underlying",0,2.553892205332531
465,0.0419,0.0405,1.95,1.958,2016-Feb-16 09:32:43.559631,"Put-Call Parity Short sell call, Short-sell bond, Buy Put, Buy Underlying",0,2.553892205332531
466,0.1101,0.0082,1.85,1.958,2016-Feb-16 09:32:43.559647,"Put-Call Parity Short sell call, Short-sell bond, Buy Put, Buy Underlying",1,5.130220334132432
467,0.0715,0.0195,1.9,1.958,2016-Feb-16 09:32:43.559673,"Put-Call Parity Short sell call, Short-sell bond, Buy Put, Buy Underlying",1,5.692056269729876
468,0.0416,0.04,1.95,1.958,2016-Feb-16 09:32:44.081360,"Put-Call Parity Short sell call, Short-sell bond, Buy Put, Buy Underlying",1,1.2538922053323107
469,0.1101,0.0082,1.85,1.958,2016-Feb-16 09:32:44.081383,"Put-Call Parity Short sell call, Short-sell bond, Buy Put, Buy Underlying",1,5.130220334132432
470,0.0715,0.0195,1.9,1.958,2016-Feb-16 09:32:44.081398,"Put-Call Parity Short sell call, Short-sell bond, Buy Put, Buy Underlying",1,5.692056269729876
471,0.0062,0.154,2.1,1.958,2016-Feb-16 09:32:45.102699,"Put-Call Parity Short sell call, Short-sell bond, Buy Put, Buy Underlying",1,5.939400012135413
472,0.0112,0.1086,2.05,1.958,2016-Feb-16 09:32:45.102738,"Put-Call Parity Short sell call, Short-sell bond, Buy Put, Buy Underlying",1,10.377564076530756
473,0.0229,0.07,2.0,1.958,2016-Feb-16 09:32:45.102792,"Put-Call Parity Short sell call, Short-sell bond, Buy Put, Buy Underlying",1,13.815728140932872
474,0.0229,0.07,2.0,1.958,2016-Feb-16 09:32:45.102825,"Put-Call Parity Short sell call, Short-sell bond, Buy Put, Buy Underlying",1,13.815728140932872
475,0.0438,0.04,1.95,1.958,2016-Feb-16 09:32:45.102888,"Put-Call Parity Short sell call, Short-sell bond, Buy Put, Buy Underlying",1,23.253892205332107
476,0.0438,0.04,1.95,1.958,2016-Feb-16 09:32:45.102915,"Put-Call Parity Short sell call, Short-sell bond, Buy Put, Buy Underlying",1,23.253892205332107
477,0.1101,0.0082,1.85,1.958,2016-Feb-16 09:32:45.103063,"Put-Call Parity Short sell call, Short-sell bond, Buy Put, Buy Underlying",1,5.130220334132432
478,0.0715,0.0195,1.9,1.958,2016-Feb-16 09:32:45.103085,"Put-Call Parity Short sell call, Short-sell bond, Buy Put, Buy Underlying",1,5.692056269729876
479,0.0062,0.154,2.1,1.958,2016-Feb-16 09:32:45.604530,"Put-Call Parity Short sell call, Short-sell bond, Buy Put, Buy Underlying",1,5.939400012135413
480,0.0438,0.04,1.95,1.958,2016-Feb-16 09:32:45.604548,"Put-Call Parity Short sell call, Short-sell bond, Buy Put, Buy Underlying",1,23.253892205332107
481,0.0438,0.0405,1.95,1.958,2016-Feb-16 09:32:45.604600,"Put-Call Parity Short sell call, Short-sell bond, Buy Put, Buy Underlying",1,18.253892205332658
482,0.1101,0.0082,1.85,1.958,2016-Feb-16 09:32:45.604621,"Put-Call Parity Short sell call, Short-sell bond, Buy Put, Buy Underlying",1,5.130220334132432
483,0.0062,0.154,2.1,1.958,2016-Feb-16 09:32:46.096977,"Put-Call Parity Short sell call, Short-sell bond, Buy Put, Buy Underlying",1,5.939400012135413
484,0.0417,0.0405,1.95,1.958,2016-Feb-16 09:32:46.624605,"Put-Call Parity Short sell call, Short-sell bond, Buy Put, Buy Underlying",0,0.5538922053327511
485,0.0417,0.0405,1.95,1.958,2016-Feb-16 09:32:46.624670,"Put-Call Parity Short sell call, Short-sell bond, Buy Put, Buy Underlying",0,0.5538922053327511
486,0.1101,0.0082,1.85,1.958,2016-Feb-16 09:32:46.624717,"Put-Call Parity Short sell call, Short-sell bond, Buy Put, Buy Underlying",1,5.130220334132432
487,0.0715,0.0195,1.9,1.958,2016-Feb-16 09:32:46.624736,"Put-Call Parity Short sell call, Short-sell bond, Buy Put, Buy Underlying",1,5.692056269729876
488,0.0229,0.07,2.0,1.958,2016-Feb-16 09:32:47.103943,"Put-Call Parity Short sell call, Short-sell bond, Buy Put, Buy Underlying",1,13.815728140932872
489,0.0417,0.0405,1.95,1.958,2016-Feb-16 09:32:47.104000,"Put-Call Parity Short sell call, Short-sell bond, Buy Put, Buy Underlying",0,0.5538922053327511
490,0.0062,0.154,2.1,1.958,2016-Feb-16 09:32:47.620570,"Put-Call Parity Short sell call, Short-sell bond, Buy Put, Buy Underlying",1,5.939400012135413
491,0.0715,0.0195,1.9,1.958,2016-Feb-16 09:32:47.620720,"Put-Call Parity Short sell call, Short-sell bond, Buy Put, Buy Underlying",1,5.692056269729876
492,0.0062,0.154,2.1,1.958,2016-Feb-16 09:32:49.165545,"Put-Call Parity Short sell call, Short-sell bond, Buy Put, Buy Underlying",1,5.939400012135413
493,0.0062,0.154,2.1,1.958,2016-Feb-16 09:32:50.069211,"Put-Call Parity Short sell call, Short-sell bond, Buy Put, Buy Underlying",1,5.939400012135413
494,0.0715,0.0195,1.9,1.958,2016-Feb-16 09:32:50.069264,"Put-Call Parity Short sell call, Short-sell bond, Buy Put, Buy Underlying",1,5.692056269729876
495,0.155,0.0035,1.8,1.958,2016-Feb-16 09:32:50.069280,"Put-Call Parity Short sell call, Short-sell bond, Buy Put, Buy Underlying",1,1.5683843985308785
496,0.0062,0.154,2.1,1.958,2016-Feb-16 09:32:50.582516,"Put-Call Parity Short sell call, Short-sell bond, Buy Put, Buy Underlying",1,5.939400012135413
497,0.1101,0.0082,1.85,1.958,2016-Feb-16 09:32:50.582674,"Put-Call Parity Short sell call, Short-sell bond, Buy Put, Buy Underlying",1,5.130220334132432
498,0.155,0.0035,1.8,1.958,2016-Feb-16 09:32:50.582862,"Put-Call Parity Short sell call, Short-sell bond, Buy Put, Buy Underlying",1,1.5683843985308785
499,0.155,0.0035,1.8,1.958,2016-Feb-16 09:32:50.582902,"Put-Call Parity Short sell call, Short-sell bond, Buy Put, Buy Underlying",1,1.5683843985308785
500,0.0062,0.154,2.1,1.958,2016-Feb-16 09:32:51.070768,"Put-Call Parity Short sell call, Short-sell bond, Buy Put, Buy Underlying",1,5.939400012135413
501,0.0229,0.07,2.0,1.958,2016-Feb-16 09:32:51.070851,"Put-Call Parity Short sell call, Short-sell bond, Buy Put, Buy Underlying",1,13.815728140932872
502,0.0715,0.0195,1.9,1.958,2016-Feb-16 09:32:51.070909,"Put-Call Parity Short sell call, Short-sell bond, Buy Put, Buy Underlying",1,5.692056269729876
503,0.1101,0.0082,1.85,1.958,2016-Feb-16 09:32:51.070992,"Put-Call Parity Short sell call, Short-sell bond, Buy Put, Buy Underlying",1,5.130220334132432
504,0.155,0.0035,1.8,1.958,2016-Feb-16 09:32:51.071010,"Put-Call Parity Short sell call, Short-sell bond, Buy Put, Buy Underlying",1,1.5683843985308785
505,0.155,0.0034,1.8,1.958,2016-Feb-16 09:32:51.071027,"Put-Call Parity Short sell call, Short-sell bond, Buy Put, Buy Underlying",1,2.5683843985307684
506,0.0062,0.154,2.1,1.958,2016-Feb-16 09:32:51.595248,"Put-Call Parity Short sell call, Short-sell bond, Buy Put, Buy Underlying",1,5.939400012135413
507,0.0062,0.154,2.1,1.958,2016-Feb-16 09:32:52.081021,"Put-Call Parity Short sell call, Short-sell bond, Buy Put, Buy Underlying",1,5.939400012135413
508,0.0229,0.07,2.0,1.958,2016-Feb-16 09:32:52.081043,"Put-Call Parity Short sell call, Short-sell bond, Buy Put, Buy Underlying",1,13.815728140932872
509,0.0062,0.154,2.1,1.958,2016-Feb-16 09:32:52.595697,"Put-Call Parity Short sell call, Short-sell bond, Buy Put, Buy Underlying",1,5.939400012135413
510,0.0062,0.154,2.1,1.958,2016-Feb-16 09:32:53.110728,"Put-Call Parity Short sell call, Short-sell bond, Buy Put, Buy Underlying",1,5.939400012135413
511,0.0062,0.154,2.1,1.958,2016-Feb-16 09:32:53.512729,"Put-Call Parity Short sell call, Short-sell bond, Buy Put, Buy Underlying",1,5.939400012135413
512,0.0112,0.1095,2.05,1.958,2016-Feb-16 09:32:53.512753,"Put-Call Parity Short sell call, Short-sell bond, Buy Put, Buy Underlying",1,1.377564076533969
513,0.0062,0.154,2.1,1.958,2016-Feb-16 09:32:54.018905,"Put-Call Parity Short sell call, Short-sell bond, Buy Put, Buy Underlying",1,5.939400012135413
514,0.0112,0.1095,2.05,1.958,2016-Feb-16 09:32:54.019033,"Put-Call Parity Short sell call, Short-sell bond, Buy Put, Buy Underlying",1,1.377564076533969
515,0.1101,0.0082,1.85,1.958,2016-Feb-16 09:32:54.019156,"Put-Call Parity Short sell call, Short-sell bond, Buy Put, Buy Underlying",1,5.130220334132432
516,0.0715,0.0195,1.9,1.958,2016-Feb-16 09:32:54.019288,"Put-Call Parity Short sell call, Short-sell bond, Buy Put, Buy Underlying",1,5.692056269729876
517,0.1101,0.0082,1.85,1.958,2016-Feb-16 09:32:54.019315,"Put-Call Parity Short sell call, Short-sell bond, Buy Put, Buy Underlying",1,5.130220334132432
518,0.0715,0.0195,1.9,1.958,2016-Feb-16 09:32:54.019361,"Put-Call Parity Short sell call, Short-sell bond, Buy Put, Buy Underlying",1,5.692056269729876
519,0.155,0.0034,1.8,1.958,2016-Feb-16 09:32:54.019398,"Put-Call Parity Short sell call, Short-sell bond, Buy Put, Buy Underlying",1,2.5683843985307684
520,0.0229,0.07,2.0,1.959,2016-Feb-16 09:32:55.574277,"Put-Call Parity Short sell call, Short-sell bond, Buy Put, Buy Underlying",1,3.8594678195419094
